snapshot_date,scrape_run_id,watch_id,product_code,series,product_name,color,mrp,source_url,is_synthetic
2026-05-10,seed-2026-05-10,W001,VGP-ABR-81121K,Vignette Prime,Exposed Parts of Floor Mounted Single Lever Bath Mixer - Antique Bronze,Antique Bronze,68500.00,https://www.jaquar.com/en/vignette-prime-floor-mounted-bath-lever?Id=6244,TRUE
2026-05-17,seed-2026-05-17,W001,VGP-ABR-81121K,Vignette Prime,Exposed Parts of Floor Mounted Single Lever Bath Mixer - Antique Bronze,Antique Bronze,68500.00,https://www.jaquar.com/en/vignette-prime-floor-mounted-bath-lever?Id=6244,TRUE
2026-05-24,seed-2026-05-24,W001,VGP-ABR-81121K,Vignette Prime,Exposed Parts of Floor Mounted Single Lever Bath Mixer - Antique Bronze,Antique Bronze,68500.00,https://www.jaquar.com/en/vignette-prime-floor-mounted-bath-lever?Id=6244,TRUE
2026-05-31,seed-2026-05-31,W001,VGP-ABR-81121K,Vignette Prime,Exposed Parts of Floor Mounted Single Lever Bath Mixer - Antique Bronze,Antique Bronze,68500.00,https://www.jaquar.com/en/vignette-prime-floor-mounted-bath-lever?Id=6244,TRUE
2026-06-07,seed-2026-06-07,W001,VGP-ABR-81121K,Vignette Prime,Exposed Parts of Floor Mounted Single Lever Bath Mixer - Antique Bronze,Antique Bronze,68500.00,https://www.jaquar.com/en/vignette-prime-floor-mounted-bath-lever?Id=6244,TRUE
2026-06-14,seed-2026-06-14,W001,VGP-ABR-81121K,Vignette Prime,Exposed Parts of Floor Mounted Single Lever Bath Mixer - Antique Bronze,Antique Bronze,68500.00,https://www.jaquar.com/en/vignette-prime-floor-mounted-bath-lever?Id=6244,TRUE
2026-06-21,seed-2026-06-21,W001,VGP-ABR-81121K,Vignette Prime,Exposed Parts of Floor Mounted Single Lever Bath Mixer - Antique Bronze,Antique Bronze,68500.00,https://www.jaquar.com/en/vignette-prime-floor-mounted-bath-lever?Id=6244,TRUE
2026-05-10,seed-2026-05-10,W002,VGP-ACR-81121K,Vignette Prime,Exposed Parts of Floor Mounted Single Lever Bath Mixer - Antique Copper,Antique Copper,65417.50,https://www.jaquar.com/en/vignette-prime-floor-mounted-bath-lever?Id=6244,TRUE
2026-05-17,seed-2026-05-17,W002,VGP-ACR-81121K,Vignette Prime,Exposed Parts of Floor Mounted Single Lever Bath Mixer - Antique Copper,Antique Copper,65417.50,https://www.jaquar.com/en/vignette-prime-floor-mounted-bath-lever?Id=6244,TRUE
2026-05-24,seed-2026-05-24,W002,VGP-ACR-81121K,Vignette Prime,Exposed Parts of Floor Mounted Single Lever Bath Mixer - Antique Copper,Antique Copper,65417.50,https://www.jaquar.com/en/vignette-prime-floor-mounted-bath-lever?Id=6244,TRUE
2026-05-31,seed-2026-05-31,W002,VGP-ACR-81121K,Vignette Prime,Exposed Parts of Floor Mounted Single Lever Bath Mixer - Antique Copper,Antique Copper,65417.50,https://www.jaquar.com/en/vignette-prime-floor-mounted-bath-lever?Id=6244,TRUE
2026-06-07,seed-2026-06-07,W002,VGP-ACR-81121K,Vignette Prime,Exposed Parts of Floor Mounted Single Lever Bath Mixer - Antique Copper,Antique Copper,65417.50,https://www.jaquar.com/en/vignette-prime-floor-mounted-bath-lever?Id=6244,TRUE
2026-06-14,seed-2026-06-14,W002,VGP-ACR-81121K,Vignette Prime,Exposed Parts of Floor Mounted Single Lever Bath Mixer - Antique Copper,Antique Copper,65417.50,https://www.jaquar.com/en/vignette-prime-floor-mounted-bath-lever?Id=6244,TRUE
2026-06-21,seed-2026-06-21,W002,VGP-ACR-81121K,Vignette Prime,Exposed Parts of Floor Mounted Single Lever Bath Mixer - Antique Copper,Antique Copper,68500.00,https://www.jaquar.com/en/vignette-prime-floor-mounted-bath-lever?Id=6244,TRUE
2026-05-10,seed-2026-05-10,W003,VGP-GRF-81121K,Vignette Prime,Exposed Parts of Floor Mounted Single Lever Bath Mixer - Graphite,Graphite,68500.00,https://www.jaquar.com/en/vignette-prime-floor-mounted-bath-lever?Id=6244,TRUE
2026-05-17,seed-2026-05-17,W003,VGP-GRF-81121K,Vignette Prime,Exposed Parts of Floor Mounted Single Lever Bath Mixer - Graphite,Graphite,68500.00,https://www.jaquar.com/en/vignette-prime-floor-mounted-bath-lever?Id=6244,TRUE
2026-05-24,seed-2026-05-24,W003,VGP-GRF-81121K,Vignette Prime,Exposed Parts of Floor Mounted Single Lever Bath Mixer - Graphite,Graphite,68500.00,https://www.jaquar.com/en/vignette-prime-floor-mounted-bath-lever?Id=6244,TRUE
2026-05-31,seed-2026-05-31,W003,VGP-GRF-81121K,Vignette Prime,Exposed Parts of Floor Mounted Single Lever Bath Mixer - Graphite,Graphite,64732.50,https://www.jaquar.com/en/vignette-prime-floor-mounted-bath-lever?Id=6244,TRUE
2026-06-07,seed-2026-06-07,W003,VGP-GRF-81121K,Vignette Prime,Exposed Parts of Floor Mounted Single Lever Bath Mixer - Graphite,Graphite,64732.50,https://www.jaquar.com/en/vignette-prime-floor-mounted-bath-lever?Id=6244,TRUE
2026-06-14,seed-2026-06-14,W003,VGP-GRF-81121K,Vignette Prime,Exposed Parts of Floor Mounted Single Lever Bath Mixer - Graphite,Graphite,64732.50,https://www.jaquar.com/en/vignette-prime-floor-mounted-bath-lever?Id=6244,TRUE
2026-06-21,seed-2026-06-21,W003,VGP-GRF-81121K,Vignette Prime,Exposed Parts of Floor Mounted Single Lever Bath Mixer - Graphite,Graphite,68500.00,https://www.jaquar.com/en/vignette-prime-floor-mounted-bath-lever?Id=6244,TRUE
2026-05-10,seed-2026-05-10,W004,VGP-SSF-81121K,Vignette Prime,Exposed Parts of Floor Mounted Single Lever Bath Mixer - Stainless Steel,Stainless Steel,66445.00,https://www.jaquar.com/en/vignette-prime-floor-mounted-bath-lever?Id=6244,TRUE
2026-05-17,seed-2026-05-17,W004,VGP-SSF-81121K,Vignette Prime,Exposed Parts of Floor Mounted Single Lever Bath Mixer - Stainless Steel,Stainless Steel,66445.00,https://www.jaquar.com/en/vignette-prime-floor-mounted-bath-lever?Id=6244,TRUE
2026-05-24,seed-2026-05-24,W004,VGP-SSF-81121K,Vignette Prime,Exposed Parts of Floor Mounted Single Lever Bath Mixer - Stainless Steel,Stainless Steel,69527.50,https://www.jaquar.com/en/vignette-prime-floor-mounted-bath-lever?Id=6244,TRUE
2026-05-31,seed-2026-05-31,W004,VGP-SSF-81121K,Vignette Prime,Exposed Parts of Floor Mounted Single Lever Bath Mixer - Stainless Steel,Stainless Steel,69527.50,https://www.jaquar.com/en/vignette-prime-floor-mounted-bath-lever?Id=6244,TRUE
2026-06-07,seed-2026-06-07,W004,VGP-SSF-81121K,Vignette Prime,Exposed Parts of Floor Mounted Single Lever Bath Mixer - Stainless Steel,Stainless Steel,66102.50,https://www.jaquar.com/en/vignette-prime-floor-mounted-bath-lever?Id=6244,TRUE
2026-06-14,seed-2026-06-14,W004,VGP-SSF-81121K,Vignette Prime,Exposed Parts of Floor Mounted Single Lever Bath Mixer - Stainless Steel,Stainless Steel,66102.50,https://www.jaquar.com/en/vignette-prime-floor-mounted-bath-lever?Id=6244,TRUE
2026-06-21,seed-2026-06-21,W004,VGP-SSF-81121K,Vignette Prime,Exposed Parts of Floor Mounted Single Lever Bath Mixer - Stainless Steel,Stainless Steel,68500.00,https://www.jaquar.com/en/vignette-prime-floor-mounted-bath-lever?Id=6244,TRUE
2026-05-10,seed-2026-05-10,W005,VGP-ABR-81121K,Vignette Prime,Exposed Parts of Floor Mounted Single Lever Bath Mixer - Antique Bronze,Antique Bronze,71240.00,https://www.jaquar.com/en/vignette-prime-floor-mounted-bath-lever?Id=6245,TRUE
2026-05-17,seed-2026-05-17,W005,VGP-ABR-81121K,Vignette Prime,Exposed Parts of Floor Mounted Single Lever Bath Mixer - Antique Bronze,Antique Bronze,71240.00,https://www.jaquar.com/en/vignette-prime-floor-mounted-bath-lever?Id=6245,TRUE
2026-05-24,seed-2026-05-24,W005,VGP-ABR-81121K,Vignette Prime,Exposed Parts of Floor Mounted Single Lever Bath Mixer - Antique Bronze,Antique Bronze,71240.00,https://www.jaquar.com/en/vignette-prime-floor-mounted-bath-lever?Id=6245,TRUE
2026-05-31,seed-2026-05-31,W005,VGP-ABR-81121K,Vignette Prime,Exposed Parts of Floor Mounted Single Lever Bath Mixer - Antique Bronze,Antique Bronze,68500.00,https://www.jaquar.com/en/vignette-prime-floor-mounted-bath-lever?Id=6245,TRUE
2026-06-07,seed-2026-06-07,W005,VGP-ABR-81121K,Vignette Prime,Exposed Parts of Floor Mounted Single Lever Bath Mixer - Antique Bronze,Antique Bronze,68500.00,https://www.jaquar.com/en/vignette-prime-floor-mounted-bath-lever?Id=6245,TRUE
2026-06-14,seed-2026-06-14,W005,VGP-ABR-81121K,Vignette Prime,Exposed Parts of Floor Mounted Single Lever Bath Mixer - Antique Bronze,Antique Bronze,68500.00,https://www.jaquar.com/en/vignette-prime-floor-mounted-bath-lever?Id=6245,TRUE
2026-06-21,seed-2026-06-21,W005,VGP-ABR-81121K,Vignette Prime,Exposed Parts of Floor Mounted Single Lever Bath Mixer - Antique Bronze,Antique Bronze,68500.00,https://www.jaquar.com/en/vignette-prime-floor-mounted-bath-lever?Id=6245,TRUE
2026-05-10,seed-2026-05-10,W006,VGP-ACR-81121K,Vignette Prime,Exposed Parts of Floor Mounted Single Lever Bath Mixer - Antique Copper,Antique Copper,67472.50,https://www.jaquar.com/en/vignette-prime-floor-mounted-bath-lever?Id=6245,TRUE
2026-05-17,seed-2026-05-17,W006,VGP-ACR-81121K,Vignette Prime,Exposed Parts of Floor Mounted Single Lever Bath Mixer - Antique Copper,Antique Copper,67472.50,https://www.jaquar.com/en/vignette-prime-floor-mounted-bath-lever?Id=6245,TRUE
2026-05-24,seed-2026-05-24,W006,VGP-ACR-81121K,Vignette Prime,Exposed Parts of Floor Mounted Single Lever Bath Mixer - Antique Copper,Antique Copper,67472.50,https://www.jaquar.com/en/vignette-prime-floor-mounted-bath-lever?Id=6245,TRUE
2026-05-31,seed-2026-05-31,W006,VGP-ACR-81121K,Vignette Prime,Exposed Parts of Floor Mounted Single Lever Bath Mixer - Antique Copper,Antique Copper,70897.50,https://www.jaquar.com/en/vignette-prime-floor-mounted-bath-lever?Id=6245,TRUE
2026-06-07,seed-2026-06-07,W006,VGP-ACR-81121K,Vignette Prime,Exposed Parts of Floor Mounted Single Lever Bath Mixer - Antique Copper,Antique Copper,70897.50,https://www.jaquar.com/en/vignette-prime-floor-mounted-bath-lever?Id=6245,TRUE
2026-06-14,seed-2026-06-14,W006,VGP-ACR-81121K,Vignette Prime,Exposed Parts of Floor Mounted Single Lever Bath Mixer - Antique Copper,Antique Copper,67472.50,https://www.jaquar.com/en/vignette-prime-floor-mounted-bath-lever?Id=6245,TRUE
2026-06-21,seed-2026-06-21,W006,VGP-ACR-81121K,Vignette Prime,Exposed Parts of Floor Mounted Single Lever Bath Mixer - Antique Copper,Antique Copper,68500.00,https://www.jaquar.com/en/vignette-prime-floor-mounted-bath-lever?Id=6245,TRUE
2026-05-10,seed-2026-05-10,W007,VGP-GRF-81121K,Vignette Prime,Exposed Parts of Floor Mounted Single Lever Bath Mixer - Graphite,Graphite,68500.00,https://www.jaquar.com/en/vignette-prime-floor-mounted-bath-lever?Id=6245,TRUE
2026-05-17,seed-2026-05-17,W007,VGP-GRF-81121K,Vignette Prime,Exposed Parts of Floor Mounted Single Lever Bath Mixer - Graphite,Graphite,68500.00,https://www.jaquar.com/en/vignette-prime-floor-mounted-bath-lever?Id=6245,TRUE
2026-05-24,seed-2026-05-24,W007,VGP-GRF-81121K,Vignette Prime,Exposed Parts of Floor Mounted Single Lever Bath Mixer - Graphite,Graphite,68500.00,https://www.jaquar.com/en/vignette-prime-floor-mounted-bath-lever?Id=6245,TRUE
2026-05-31,seed-2026-05-31,W007,VGP-GRF-81121K,Vignette Prime,Exposed Parts of Floor Mounted Single Lever Bath Mixer - Graphite,Graphite,68500.00,https://www.jaquar.com/en/vignette-prime-floor-mounted-bath-lever?Id=6245,TRUE
2026-06-07,seed-2026-06-07,W007,VGP-GRF-81121K,Vignette Prime,Exposed Parts of Floor Mounted Single Lever Bath Mixer - Graphite,Graphite,68500.00,https://www.jaquar.com/en/vignette-prime-floor-mounted-bath-lever?Id=6245,TRUE
2026-06-14,seed-2026-06-14,W007,VGP-GRF-81121K,Vignette Prime,Exposed Parts of Floor Mounted Single Lever Bath Mixer - Graphite,Graphite,68500.00,https://www.jaquar.com/en/vignette-prime-floor-mounted-bath-lever?Id=6245,TRUE
2026-06-21,seed-2026-06-21,W007,VGP-GRF-81121K,Vignette Prime,Exposed Parts of Floor Mounted Single Lever Bath Mixer - Graphite,Graphite,68500.00,https://www.jaquar.com/en/vignette-prime-floor-mounted-bath-lever?Id=6245,TRUE
2026-05-10,seed-2026-05-10,W008,VGP-SSF-81121K,Vignette Prime,Exposed Parts of Floor Mounted Single Lever Bath Mixer - Stainless Steel,Stainless Steel,65417.50,https://www.jaquar.com/en/vignette-prime-floor-mounted-bath-lever?Id=6245,TRUE
2026-05-17,seed-2026-05-17,W008,VGP-SSF-81121K,Vignette Prime,Exposed Parts of Floor Mounted Single Lever Bath Mixer - Stainless Steel,Stainless Steel,65417.50,https://www.jaquar.com/en/vignette-prime-floor-mounted-bath-lever?Id=6245,TRUE
2026-05-24,seed-2026-05-24,W008,VGP-SSF-81121K,Vignette Prime,Exposed Parts of Floor Mounted Single Lever Bath Mixer - Stainless Steel,Stainless Steel,65417.50,https://www.jaquar.com/en/vignette-prime-floor-mounted-bath-lever?Id=6245,TRUE
2026-05-31,seed-2026-05-31,W008,VGP-SSF-81121K,Vignette Prime,Exposed Parts of Floor Mounted Single Lever Bath Mixer - Stainless Steel,Stainless Steel,65417.50,https://www.jaquar.com/en/vignette-prime-floor-mounted-bath-lever?Id=6245,TRUE
2026-06-07,seed-2026-06-07,W008,VGP-SSF-81121K,Vignette Prime,Exposed Parts of Floor Mounted Single Lever Bath Mixer - Stainless Steel,Stainless Steel,65417.50,https://www.jaquar.com/en/vignette-prime-floor-mounted-bath-lever?Id=6245,TRUE
2026-06-14,seed-2026-06-14,W008,VGP-SSF-81121K,Vignette Prime,Exposed Parts of Floor Mounted Single Lever Bath Mixer - Stainless Steel,Stainless Steel,65417.50,https://www.jaquar.com/en/vignette-prime-floor-mounted-bath-lever?Id=6245,TRUE
2026-06-21,seed-2026-06-21,W008,VGP-SSF-81121K,Vignette Prime,Exposed Parts of Floor Mounted Single Lever Bath Mixer - Stainless Steel,Stainless Steel,68500.00,https://www.jaquar.com/en/vignette-prime-floor-mounted-bath-lever?Id=6245,TRUE
2026-05-10,seed-2026-05-10,W009,SNR-GMP-91017PK,Sensor Faucets,Laguna Tall Boy Sensor Faucet - Gold Matt PVD,Gold Matt PVD,31100.00,https://www.jaquar.com/en/laguna-tall-boy-sensor-faucet-4?Id=10994,TRUE
2026-05-17,seed-2026-05-17,W009,SNR-GMP-91017PK,Sensor Faucets,Laguna Tall Boy Sensor Faucet - Gold Matt PVD,Gold Matt PVD,31100.00,https://www.jaquar.com/en/laguna-tall-boy-sensor-faucet-4?Id=10994,TRUE
2026-05-24,seed-2026-05-24,W009,SNR-GMP-91017PK,Sensor Faucets,Laguna Tall Boy Sensor Faucet - Gold Matt PVD,Gold Matt PVD,31100.00,https://www.jaquar.com/en/laguna-tall-boy-sensor-faucet-4?Id=10994,TRUE
2026-05-31,seed-2026-05-31,W009,SNR-GMP-91017PK,Sensor Faucets,Laguna Tall Boy Sensor Faucet - Gold Matt PVD,Gold Matt PVD,29389.50,https://www.jaquar.com/en/laguna-tall-boy-sensor-faucet-4?Id=10994,TRUE
2026-06-07,seed-2026-06-07,W009,SNR-GMP-91017PK,Sensor Faucets,Laguna Tall Boy Sensor Faucet - Gold Matt PVD,Gold Matt PVD,29389.50,https://www.jaquar.com/en/laguna-tall-boy-sensor-faucet-4?Id=10994,TRUE
2026-06-14,seed-2026-06-14,W009,SNR-GMP-91017PK,Sensor Faucets,Laguna Tall Boy Sensor Faucet - Gold Matt PVD,Gold Matt PVD,29389.50,https://www.jaquar.com/en/laguna-tall-boy-sensor-faucet-4?Id=10994,TRUE
2026-06-21,seed-2026-06-21,W009,SNR-GMP-91017PK,Sensor Faucets,Laguna Tall Boy Sensor Faucet - Gold Matt PVD,Gold Matt PVD,31100.00,https://www.jaquar.com/en/laguna-tall-boy-sensor-faucet-4?Id=10994,TRUE
2026-05-10,seed-2026-05-10,W010,SNR-GBP-91017PK,Sensor Faucets,Laguna Tall Boy Sensor Faucet - Gold Bright PVD,Gold Bright PVD,30167.00,https://www.jaquar.com/en/laguna-tall-boy-sensor-faucet-4?Id=10994,TRUE
2026-05-17,seed-2026-05-17,W010,SNR-GBP-91017PK,Sensor Faucets,Laguna Tall Boy Sensor Faucet - Gold Bright PVD,Gold Bright PVD,30167.00,https://www.jaquar.com/en/laguna-tall-boy-sensor-faucet-4?Id=10994,TRUE
2026-05-24,seed-2026-05-24,W010,SNR-GBP-91017PK,Sensor Faucets,Laguna Tall Boy Sensor Faucet - Gold Bright PVD,Gold Bright PVD,31566.50,https://www.jaquar.com/en/laguna-tall-boy-sensor-faucet-4?Id=10994,TRUE
2026-05-31,seed-2026-05-31,W010,SNR-GBP-91017PK,Sensor Faucets,Laguna Tall Boy Sensor Faucet - Gold Bright PVD,Gold Bright PVD,31566.50,https://www.jaquar.com/en/laguna-tall-boy-sensor-faucet-4?Id=10994,TRUE
2026-06-07,seed-2026-06-07,W010,SNR-GBP-91017PK,Sensor Faucets,Laguna Tall Boy Sensor Faucet - Gold Bright PVD,Gold Bright PVD,30011.50,https://www.jaquar.com/en/laguna-tall-boy-sensor-faucet-4?Id=10994,TRUE
2026-06-14,seed-2026-06-14,W010,SNR-GBP-91017PK,Sensor Faucets,Laguna Tall Boy Sensor Faucet - Gold Bright PVD,Gold Bright PVD,30011.50,https://www.jaquar.com/en/laguna-tall-boy-sensor-faucet-4?Id=10994,TRUE
2026-06-21,seed-2026-06-21,W010,SNR-GBP-91017PK,Sensor Faucets,Laguna Tall Boy Sensor Faucet - Gold Bright PVD,Gold Bright PVD,31100.00,https://www.jaquar.com/en/laguna-tall-boy-sensor-faucet-4?Id=10994,TRUE
2026-05-10,seed-2026-05-10,W011,SNR-GMP-91017PK,Sensor Faucets,Laguna Tall Boy Sensor Faucet - Gold Matt PVD,Gold Matt PVD,32344.00,https://www.jaquar.com/en/laguna-tall-boy-sensor-faucet-4?Id=10996,TRUE
2026-05-17,seed-2026-05-17,W011,SNR-GMP-91017PK,Sensor Faucets,Laguna Tall Boy Sensor Faucet - Gold Matt PVD,Gold Matt PVD,32344.00,https://www.jaquar.com/en/laguna-tall-boy-sensor-faucet-4?Id=10996,TRUE
2026-05-24,seed-2026-05-24,W011,SNR-GMP-91017PK,Sensor Faucets,Laguna Tall Boy Sensor Faucet - Gold Matt PVD,Gold Matt PVD,32344.00,https://www.jaquar.com/en/laguna-tall-boy-sensor-faucet-4?Id=10996,TRUE
2026-05-31,seed-2026-05-31,W011,SNR-GMP-91017PK,Sensor Faucets,Laguna Tall Boy Sensor Faucet - Gold Matt PVD,Gold Matt PVD,31100.00,https://www.jaquar.com/en/laguna-tall-boy-sensor-faucet-4?Id=10996,TRUE
2026-06-07,seed-2026-06-07,W011,SNR-GMP-91017PK,Sensor Faucets,Laguna Tall Boy Sensor Faucet - Gold Matt PVD,Gold Matt PVD,31100.00,https://www.jaquar.com/en/laguna-tall-boy-sensor-faucet-4?Id=10996,TRUE
2026-06-14,seed-2026-06-14,W011,SNR-GMP-91017PK,Sensor Faucets,Laguna Tall Boy Sensor Faucet - Gold Matt PVD,Gold Matt PVD,31100.00,https://www.jaquar.com/en/laguna-tall-boy-sensor-faucet-4?Id=10996,TRUE
2026-06-21,seed-2026-06-21,W011,SNR-GMP-91017PK,Sensor Faucets,Laguna Tall Boy Sensor Faucet - Gold Matt PVD,Gold Matt PVD,31100.00,https://www.jaquar.com/en/laguna-tall-boy-sensor-faucet-4?Id=10996,TRUE
2026-05-10,seed-2026-05-10,W012,SNR-GBP-91017PK,Sensor Faucets,Laguna Tall Boy Sensor Faucet - Gold Bright PVD,Gold Bright PVD,30633.50,https://www.jaquar.com/en/laguna-tall-boy-sensor-faucet-4?Id=10996,TRUE
2026-05-17,seed-2026-05-17,W012,SNR-GBP-91017PK,Sensor Faucets,Laguna Tall Boy Sensor Faucet - Gold Bright PVD,Gold Bright PVD,30633.50,https://www.jaquar.com/en/laguna-tall-boy-sensor-faucet-4?Id=10996,TRUE
2026-05-24,seed-2026-05-24,W012,SNR-GBP-91017PK,Sensor Faucets,Laguna Tall Boy Sensor Faucet - Gold Bright PVD,Gold Bright PVD,30633.50,https://www.jaquar.com/en/laguna-tall-boy-sensor-faucet-4?Id=10996,TRUE
2026-05-31,seed-2026-05-31,W012,SNR-GBP-91017PK,Sensor Faucets,Laguna Tall Boy Sensor Faucet - Gold Bright PVD,Gold Bright PVD,32188.50,https://www.jaquar.com/en/laguna-tall-boy-sensor-faucet-4?Id=10996,TRUE
2026-06-07,seed-2026-06-07,W012,SNR-GBP-91017PK,Sensor Faucets,Laguna Tall Boy Sensor Faucet - Gold Bright PVD,Gold Bright PVD,32188.50,https://www.jaquar.com/en/laguna-tall-boy-sensor-faucet-4?Id=10996,TRUE
2026-06-14,seed-2026-06-14,W012,SNR-GBP-91017PK,Sensor Faucets,Laguna Tall Boy Sensor Faucet - Gold Bright PVD,Gold Bright PVD,30633.50,https://www.jaquar.com/en/laguna-tall-boy-sensor-faucet-4?Id=10996,TRUE
2026-06-21,seed-2026-06-21,W012,SNR-GBP-91017PK,Sensor Faucets,Laguna Tall Boy Sensor Faucet - Gold Bright PVD,Gold Bright PVD,31100.00,https://www.jaquar.com/en/laguna-tall-boy-sensor-faucet-4?Id=10996,TRUE
2026-05-10,seed-2026-05-10,W013,SNR-GMP-91017PK,Sensor Faucets,Laguna Tall Boy Sensor Faucet - Gold Matt PVD,Gold Matt PVD,31100.00,https://www.jaquar.com/en/laguna-tall-boy-sensor-faucet-4?Id=10999,TRUE
2026-05-17,seed-2026-05-17,W013,SNR-GMP-91017PK,Sensor Faucets,Laguna Tall Boy Sensor Faucet - Gold Matt PVD,Gold Matt PVD,31100.00,https://www.jaquar.com/en/laguna-tall-boy-sensor-faucet-4?Id=10999,TRUE
2026-05-24,seed-2026-05-24,W013,SNR-GMP-91017PK,Sensor Faucets,Laguna Tall Boy Sensor Faucet - Gold Matt PVD,Gold Matt PVD,31100.00,https://www.jaquar.com/en/laguna-tall-boy-sensor-faucet-4?Id=10999,TRUE
2026-05-31,seed-2026-05-31,W013,SNR-GMP-91017PK,Sensor Faucets,Laguna Tall Boy Sensor Faucet - Gold Matt PVD,Gold Matt PVD,31100.00,https://www.jaquar.com/en/laguna-tall-boy-sensor-faucet-4?Id=10999,TRUE
2026-06-07,seed-2026-06-07,W013,SNR-GMP-91017PK,Sensor Faucets,Laguna Tall Boy Sensor Faucet - Gold Matt PVD,Gold Matt PVD,31100.00,https://www.jaquar.com/en/laguna-tall-boy-sensor-faucet-4?Id=10999,TRUE
2026-06-14,seed-2026-06-14,W013,SNR-GMP-91017PK,Sensor Faucets,Laguna Tall Boy Sensor Faucet - Gold Matt PVD,Gold Matt PVD,31100.00,https://www.jaquar.com/en/laguna-tall-boy-sensor-faucet-4?Id=10999,TRUE
2026-06-21,seed-2026-06-21,W013,SNR-GMP-91017PK,Sensor Faucets,Laguna Tall Boy Sensor Faucet - Gold Matt PVD,Gold Matt PVD,31100.00,https://www.jaquar.com/en/laguna-tall-boy-sensor-faucet-4?Id=10999,TRUE
2026-05-10,seed-2026-05-10,W014,SNR-GBP-91017PK,Sensor Faucets,Laguna Tall Boy Sensor Faucet - Gold Bright PVD,Gold Bright PVD,29700.50,https://www.jaquar.com/en/laguna-tall-boy-sensor-faucet-4?Id=10999,TRUE
2026-05-17,seed-2026-05-17,W014,SNR-GBP-91017PK,Sensor Faucets,Laguna Tall Boy Sensor Faucet - Gold Bright PVD,Gold Bright PVD,29700.50,https://www.jaquar.com/en/laguna-tall-boy-sensor-faucet-4?Id=10999,TRUE
2026-05-24,seed-2026-05-24,W014,SNR-GBP-91017PK,Sensor Faucets,Laguna Tall Boy Sensor Faucet - Gold Bright PVD,Gold Bright PVD,29700.50,https://www.jaquar.com/en/laguna-tall-boy-sensor-faucet-4?Id=10999,TRUE
2026-05-31,seed-2026-05-31,W014,SNR-GBP-91017PK,Sensor Faucets,Laguna Tall Boy Sensor Faucet - Gold Bright PVD,Gold Bright PVD,29700.50,https://www.jaquar.com/en/laguna-tall-boy-sensor-faucet-4?Id=10999,TRUE
2026-06-07,seed-2026-06-07,W014,SNR-GBP-91017PK,Sensor Faucets,Laguna Tall Boy Sensor Faucet - Gold Bright PVD,Gold Bright PVD,29700.50,https://www.jaquar.com/en/laguna-tall-boy-sensor-faucet-4?Id=10999,TRUE
2026-06-14,seed-2026-06-14,W014,SNR-GBP-91017PK,Sensor Faucets,Laguna Tall Boy Sensor Faucet - Gold Bright PVD,Gold Bright PVD,29700.50,https://www.jaquar.com/en/laguna-tall-boy-sensor-faucet-4?Id=10999,TRUE
2026-06-21,seed-2026-06-21,W014,SNR-GBP-91017PK,Sensor Faucets,Laguna Tall Boy Sensor Faucet - Gold Bright PVD,Gold Bright PVD,31100.00,https://www.jaquar.com/en/laguna-tall-boy-sensor-faucet-4?Id=10999,TRUE
2026-05-10,seed-2026-05-10,W015,SNR-GMP-91017PK,Sensor Faucets,Laguna Tall Boy Sensor Faucet - Gold Matt PVD,Gold Matt PVD,31100.00,https://www.jaquar.com/en/laguna-tall-boy-sensor-faucet-4?Id=10995,TRUE
2026-05-17,seed-2026-05-17,W015,SNR-GMP-91017PK,Sensor Faucets,Laguna Tall Boy Sensor Faucet - Gold Matt PVD,Gold Matt PVD,31100.00,https://www.jaquar.com/en/laguna-tall-boy-sensor-faucet-4?Id=10995,TRUE
2026-05-24,seed-2026-05-24,W015,SNR-GMP-91017PK,Sensor Faucets,Laguna Tall Boy Sensor Faucet - Gold Matt PVD,Gold Matt PVD,31100.00,https://www.jaquar.com/en/laguna-tall-boy-sensor-faucet-4?Id=10995,TRUE
2026-05-31,seed-2026-05-31,W015,SNR-GMP-91017PK,Sensor Faucets,Laguna Tall Boy Sensor Faucet - Gold Matt PVD,Gold Matt PVD,29389.50,https://www.jaquar.com/en/laguna-tall-boy-sensor-faucet-4?Id=10995,TRUE
2026-06-07,seed-2026-06-07,W015,SNR-GMP-91017PK,Sensor Faucets,Laguna Tall Boy Sensor Faucet - Gold Matt PVD,Gold Matt PVD,29389.50,https://www.jaquar.com/en/laguna-tall-boy-sensor-faucet-4?Id=10995,TRUE
2026-06-14,seed-2026-06-14,W015,SNR-GMP-91017PK,Sensor Faucets,Laguna Tall Boy Sensor Faucet - Gold Matt PVD,Gold Matt PVD,29389.50,https://www.jaquar.com/en/laguna-tall-boy-sensor-faucet-4?Id=10995,TRUE
2026-06-21,seed-2026-06-21,W015,SNR-GMP-91017PK,Sensor Faucets,Laguna Tall Boy Sensor Faucet - Gold Matt PVD,Gold Matt PVD,31100.00,https://www.jaquar.com/en/laguna-tall-boy-sensor-faucet-4?Id=10995,TRUE
2026-05-10,seed-2026-05-10,W016,SNR-GBP-91017PK,Sensor Faucets,Laguna Tall Boy Sensor Faucet - Gold Bright PVD,Gold Bright PVD,30167.00,https://www.jaquar.com/en/laguna-tall-boy-sensor-faucet-4?Id=10995,TRUE
2026-05-17,seed-2026-05-17,W016,SNR-GBP-91017PK,Sensor Faucets,Laguna Tall Boy Sensor Faucet - Gold Bright PVD,Gold Bright PVD,30167.00,https://www.jaquar.com/en/laguna-tall-boy-sensor-faucet-4?Id=10995,TRUE
2026-05-24,seed-2026-05-24,W016,SNR-GBP-91017PK,Sensor Faucets,Laguna Tall Boy Sensor Faucet - Gold Bright PVD,Gold Bright PVD,31566.50,https://www.jaquar.com/en/laguna-tall-boy-sensor-faucet-4?Id=10995,TRUE
2026-05-31,seed-2026-05-31,W016,SNR-GBP-91017PK,Sensor Faucets,Laguna Tall Boy Sensor Faucet - Gold Bright PVD,Gold Bright PVD,31566.50,https://www.jaquar.com/en/laguna-tall-boy-sensor-faucet-4?Id=10995,TRUE
2026-06-07,seed-2026-06-07,W016,SNR-GBP-91017PK,Sensor Faucets,Laguna Tall Boy Sensor Faucet - Gold Bright PVD,Gold Bright PVD,30011.50,https://www.jaquar.com/en/laguna-tall-boy-sensor-faucet-4?Id=10995,TRUE
2026-06-14,seed-2026-06-14,W016,SNR-GBP-91017PK,Sensor Faucets,Laguna Tall Boy Sensor Faucet - Gold Bright PVD,Gold Bright PVD,30011.50,https://www.jaquar.com/en/laguna-tall-boy-sensor-faucet-4?Id=10995,TRUE
2026-06-21,seed-2026-06-21,W016,SNR-GBP-91017PK,Sensor Faucets,Laguna Tall Boy Sensor Faucet - Gold Bright PVD,Gold Bright PVD,31100.00,https://www.jaquar.com/en/laguna-tall-boy-sensor-faucet-4?Id=10995,TRUE
2026-05-10,seed-2026-05-10,W017,KUP-GBP-35121KPM,Kubix Prime,Exposed Parts of Floor Mounted Single Lever Bath Mixer - Gold Bright PVD,Gold Bright PVD,78728.00,https://www.jaquar.com/en/kubix-prime-floor-mounted-bath-lever?Id=6092,TRUE
2026-05-17,seed-2026-05-17,W017,KUP-GBP-35121KPM,Kubix Prime,Exposed Parts of Floor Mounted Single Lever Bath Mixer - Gold Bright PVD,Gold Bright PVD,78728.00,https://www.jaquar.com/en/kubix-prime-floor-mounted-bath-lever?Id=6092,TRUE
2026-05-24,seed-2026-05-24,W017,KUP-GBP-35121KPM,Kubix Prime,Exposed Parts of Floor Mounted Single Lever Bath Mixer - Gold Bright PVD,Gold Bright PVD,78728.00,https://www.jaquar.com/en/kubix-prime-floor-mounted-bath-lever?Id=6092,TRUE
2026-05-31,seed-2026-05-31,W017,KUP-GBP-35121KPM,Kubix Prime,Exposed Parts of Floor Mounted Single Lever Bath Mixer - Gold Bright PVD,Gold Bright PVD,75700.00,https://www.jaquar.com/en/kubix-prime-floor-mounted-bath-lever?Id=6092,TRUE
2026-06-07,seed-2026-06-07,W017,KUP-GBP-35121KPM,Kubix Prime,Exposed Parts of Floor Mounted Single Lever Bath Mixer - Gold Bright PVD,Gold Bright PVD,75700.00,https://www.jaquar.com/en/kubix-prime-floor-mounted-bath-lever?Id=6092,TRUE
2026-06-14,seed-2026-06-14,W017,KUP-GBP-35121KPM,Kubix Prime,Exposed Parts of Floor Mounted Single Lever Bath Mixer - Gold Bright PVD,Gold Bright PVD,75700.00,https://www.jaquar.com/en/kubix-prime-floor-mounted-bath-lever?Id=6092,TRUE
2026-06-21,seed-2026-06-21,W017,KUP-GBP-35121KPM,Kubix Prime,Exposed Parts of Floor Mounted Single Lever Bath Mixer - Gold Bright PVD,Gold Bright PVD,75700.00,https://www.jaquar.com/en/kubix-prime-floor-mounted-bath-lever?Id=6092,TRUE
2026-05-10,seed-2026-05-10,W018,KUP-GMP-35121KPM,Kubix Prime,Exposed Parts of Floor Mounted Single Lever Bath Mixer - Gold Matt PVD,Gold Matt PVD,74564.50,https://www.jaquar.com/en/kubix-prime-floor-mounted-bath-lever?Id=6092,TRUE
2026-05-17,seed-2026-05-17,W018,KUP-GMP-35121KPM,Kubix Prime,Exposed Parts of Floor Mounted Single Lever Bath Mixer - Gold Matt PVD,Gold Matt PVD,74564.50,https://www.jaquar.com/en/kubix-prime-floor-mounted-bath-lever?Id=6092,TRUE
2026-05-24,seed-2026-05-24,W018,KUP-GMP-35121KPM,Kubix Prime,Exposed Parts of Floor Mounted Single Lever Bath Mixer - Gold Matt PVD,Gold Matt PVD,74564.50,https://www.jaquar.com/en/kubix-prime-floor-mounted-bath-lever?Id=6092,TRUE
2026-05-31,seed-2026-05-31,W018,KUP-GMP-35121KPM,Kubix Prime,Exposed Parts of Floor Mounted Single Lever Bath Mixer - Gold Matt PVD,Gold Matt PVD,78349.50,https://www.jaquar.com/en/kubix-prime-floor-mounted-bath-lever?Id=6092,TRUE
2026-06-07,seed-2026-06-07,W018,KUP-GMP-35121KPM,Kubix Prime,Exposed Parts of Floor Mounted Single Lever Bath Mixer - Gold Matt PVD,Gold Matt PVD,78349.50,https://www.jaquar.com/en/kubix-prime-floor-mounted-bath-lever?Id=6092,TRUE
2026-06-14,seed-2026-06-14,W018,KUP-GMP-35121KPM,Kubix Prime,Exposed Parts of Floor Mounted Single Lever Bath Mixer - Gold Matt PVD,Gold Matt PVD,74564.50,https://www.jaquar.com/en/kubix-prime-floor-mounted-bath-lever?Id=6092,TRUE
2026-06-21,seed-2026-06-21,W018,KUP-GMP-35121KPM,Kubix Prime,Exposed Parts of Floor Mounted Single Lever Bath Mixer - Gold Matt PVD,Gold Matt PVD,75700.00,https://www.jaquar.com/en/kubix-prime-floor-mounted-bath-lever?Id=6092,TRUE
2026-05-10,seed-2026-05-10,W019,KUP-ABR-35121KPM,Kubix Prime,Exposed Parts of Floor Mounted Single Lever Bath Mixer - Antique Bronze,Antique Bronze,73400.00,https://www.jaquar.com/en/kubix-prime-floor-mounted-bath-lever?Id=6092,TRUE
2026-05-17,seed-2026-05-17,W019,KUP-ABR-35121KPM,Kubix Prime,Exposed Parts of Floor Mounted Single Lever Bath Mixer - Antique Bronze,Antique Bronze,73400.00,https://www.jaquar.com/en/kubix-prime-floor-mounted-bath-lever?Id=6092,TRUE
2026-05-24,seed-2026-05-24,W019,KUP-ABR-35121KPM,Kubix Prime,Exposed Parts of Floor Mounted Single Lever Bath Mixer - Antique Bronze,Antique Bronze,73400.00,https://www.jaquar.com/en/kubix-prime-floor-mounted-bath-lever?Id=6092,TRUE
2026-05-31,seed-2026-05-31,W019,KUP-ABR-35121KPM,Kubix Prime,Exposed Parts of Floor Mounted Single Lever Bath Mixer - Antique Bronze,Antique Bronze,73400.00,https://www.jaquar.com/en/kubix-prime-floor-mounted-bath-lever?Id=6092,TRUE
2026-06-07,seed-2026-06-07,W019,KUP-ABR-35121KPM,Kubix Prime,Exposed Parts of Floor Mounted Single Lever Bath Mixer - Antique Bronze,Antique Bronze,73400.00,https://www.jaquar.com/en/kubix-prime-floor-mounted-bath-lever?Id=6092,TRUE
2026-06-14,seed-2026-06-14,W019,KUP-ABR-35121KPM,Kubix Prime,Exposed Parts of Floor Mounted Single Lever Bath Mixer - Antique Bronze,Antique Bronze,73400.00,https://www.jaquar.com/en/kubix-prime-floor-mounted-bath-lever?Id=6092,TRUE
2026-06-21,seed-2026-06-21,W019,KUP-ABR-35121KPM,Kubix Prime,Exposed Parts of Floor Mounted Single Lever Bath Mixer - Antique Bronze,Antique Bronze,73400.00,https://www.jaquar.com/en/kubix-prime-floor-mounted-bath-lever?Id=6092,TRUE
2026-05-10,seed-2026-05-10,W020,KUP-ACR-35121KPM,Kubix Prime,Exposed Parts of Floor Mounted Single Lever Bath Mixer - Antique Copper,Antique Copper,70097.00,https://www.jaquar.com/en/kubix-prime-floor-mounted-bath-lever?Id=6092,TRUE
2026-05-17,seed-2026-05-17,W020,KUP-ACR-35121KPM,Kubix Prime,Exposed Parts of Floor Mounted Single Lever Bath Mixer - Antique Copper,Antique Copper,70097.00,https://www.jaquar.com/en/kubix-prime-floor-mounted-bath-lever?Id=6092,TRUE
2026-05-24,seed-2026-05-24,W020,KUP-ACR-35121KPM,Kubix Prime,Exposed Parts of Floor Mounted Single Lever Bath Mixer - Antique Copper,Antique Copper,70097.00,https://www.jaquar.com/en/kubix-prime-floor-mounted-bath-lever?Id=6092,TRUE
2026-05-31,seed-2026-05-31,W020,KUP-ACR-35121KPM,Kubix Prime,Exposed Parts of Floor Mounted Single Lever Bath Mixer - Antique Copper,Antique Copper,70097.00,https://www.jaquar.com/en/kubix-prime-floor-mounted-bath-lever?Id=6092,TRUE
2026-06-07,seed-2026-06-07,W020,KUP-ACR-35121KPM,Kubix Prime,Exposed Parts of Floor Mounted Single Lever Bath Mixer - Antique Copper,Antique Copper,70097.00,https://www.jaquar.com/en/kubix-prime-floor-mounted-bath-lever?Id=6092,TRUE
2026-06-14,seed-2026-06-14,W020,KUP-ACR-35121KPM,Kubix Prime,Exposed Parts of Floor Mounted Single Lever Bath Mixer - Antique Copper,Antique Copper,70097.00,https://www.jaquar.com/en/kubix-prime-floor-mounted-bath-lever?Id=6092,TRUE
2026-06-21,seed-2026-06-21,W020,KUP-ACR-35121KPM,Kubix Prime,Exposed Parts of Floor Mounted Single Lever Bath Mixer - Antique Copper,Antique Copper,73400.00,https://www.jaquar.com/en/kubix-prime-floor-mounted-bath-lever?Id=6092,TRUE
2026-05-10,seed-2026-05-10,W021,KUP-GRF-35121KPM,Kubix Prime,Exposed Parts of Floor Mounted Single Lever Bath Mixer - Graphite,Graphite,73400.00,https://www.jaquar.com/en/kubix-prime-floor-mounted-bath-lever?Id=6092,TRUE
2026-05-17,seed-2026-05-17,W021,KUP-GRF-35121KPM,Kubix Prime,Exposed Parts of Floor Mounted Single Lever Bath Mixer - Graphite,Graphite,73400.00,https://www.jaquar.com/en/kubix-prime-floor-mounted-bath-lever?Id=6092,TRUE
2026-05-24,seed-2026-05-24,W021,KUP-GRF-35121KPM,Kubix Prime,Exposed Parts of Floor Mounted Single Lever Bath Mixer - Graphite,Graphite,73400.00,https://www.jaquar.com/en/kubix-prime-floor-mounted-bath-lever?Id=6092,TRUE
2026-05-31,seed-2026-05-31,W021,KUP-GRF-35121KPM,Kubix Prime,Exposed Parts of Floor Mounted Single Lever Bath Mixer - Graphite,Graphite,69363.00,https://www.jaquar.com/en/kubix-prime-floor-mounted-bath-lever?Id=6092,TRUE
2026-06-07,seed-2026-06-07,W021,KUP-GRF-35121KPM,Kubix Prime,Exposed Parts of Floor Mounted Single Lever Bath Mixer - Graphite,Graphite,69363.00,https://www.jaquar.com/en/kubix-prime-floor-mounted-bath-lever?Id=6092,TRUE
2026-06-14,seed-2026-06-14,W021,KUP-GRF-35121KPM,Kubix Prime,Exposed Parts of Floor Mounted Single Lever Bath Mixer - Graphite,Graphite,69363.00,https://www.jaquar.com/en/kubix-prime-floor-mounted-bath-lever?Id=6092,TRUE
2026-06-21,seed-2026-06-21,W021,KUP-GRF-35121KPM,Kubix Prime,Exposed Parts of Floor Mounted Single Lever Bath Mixer - Graphite,Graphite,73400.00,https://www.jaquar.com/en/kubix-prime-floor-mounted-bath-lever?Id=6092,TRUE
2026-05-10,seed-2026-05-10,W022,KUP-SSF-35121KPM,Kubix Prime,Exposed Parts of Floor Mounted Single Lever Bath Mixer - Stainless Steel,Stainless Steel,71198.00,https://www.jaquar.com/en/kubix-prime-floor-mounted-bath-lever?Id=6092,TRUE
2026-05-17,seed-2026-05-17,W022,KUP-SSF-35121KPM,Kubix Prime,Exposed Parts of Floor Mounted Single Lever Bath Mixer - Stainless Steel,Stainless Steel,71198.00,https://www.jaquar.com/en/kubix-prime-floor-mounted-bath-lever?Id=6092,TRUE
2026-05-24,seed-2026-05-24,W022,KUP-SSF-35121KPM,Kubix Prime,Exposed Parts of Floor Mounted Single Lever Bath Mixer - Stainless Steel,Stainless Steel,74501.00,https://www.jaquar.com/en/kubix-prime-floor-mounted-bath-lever?Id=6092,TRUE
2026-05-31,seed-2026-05-31,W022,KUP-SSF-35121KPM,Kubix Prime,Exposed Parts of Floor Mounted Single Lever Bath Mixer - Stainless Steel,Stainless Steel,74501.00,https://www.jaquar.com/en/kubix-prime-floor-mounted-bath-lever?Id=6092,TRUE
2026-06-07,seed-2026-06-07,W022,KUP-SSF-35121KPM,Kubix Prime,Exposed Parts of Floor Mounted Single Lever Bath Mixer - Stainless Steel,Stainless Steel,70831.00,https://www.jaquar.com/en/kubix-prime-floor-mounted-bath-lever?Id=6092,TRUE
2026-06-14,seed-2026-06-14,W022,KUP-SSF-35121KPM,Kubix Prime,Exposed Parts of Floor Mounted Single Lever Bath Mixer - Stainless Steel,Stainless Steel,70831.00,https://www.jaquar.com/en/kubix-prime-floor-mounted-bath-lever?Id=6092,TRUE
2026-06-21,seed-2026-06-21,W022,KUP-SSF-35121KPM,Kubix Prime,Exposed Parts of Floor Mounted Single Lever Bath Mixer - Stainless Steel,Stainless Steel,73400.00,https://www.jaquar.com/en/kubix-prime-floor-mounted-bath-lever?Id=6092,TRUE
2026-05-10,seed-2026-05-10,W023,KUP-BGP-35121KPM,Kubix Prime,Exposed Parts of Floor Mounted Single Lever Bath Mixer - Blush Gold Bright PVD,Blush Gold PVD,69160.00,https://www.jaquar.com/en/kubix-prime-floor-mounted-bath-lever?Id=6092,TRUE
2026-05-17,seed-2026-05-17,W023,KUP-BGP-35121KPM,Kubix Prime,Exposed Parts of Floor Mounted Single Lever Bath Mixer - Blush Gold Bright PVD,Blush Gold PVD,69160.00,https://www.jaquar.com/en/kubix-prime-floor-mounted-bath-lever?Id=6092,TRUE
2026-05-24,seed-2026-05-24,W023,KUP-BGP-35121KPM,Kubix Prime,Exposed Parts of Floor Mounted Single Lever Bath Mixer - Blush Gold Bright PVD,Blush Gold PVD,69160.00,https://www.jaquar.com/en/kubix-prime-floor-mounted-bath-lever?Id=6092,TRUE
2026-05-31,seed-2026-05-31,W023,KUP-BGP-35121KPM,Kubix Prime,Exposed Parts of Floor Mounted Single Lever Bath Mixer - Blush Gold Bright PVD,Blush Gold PVD,66500.00,https://www.jaquar.com/en/kubix-prime-floor-mounted-bath-lever?Id=6092,TRUE
2026-06-07,seed-2026-06-07,W023,KUP-BGP-35121KPM,Kubix Prime,Exposed Parts of Floor Mounted Single Lever Bath Mixer - Blush Gold Bright PVD,Blush Gold PVD,66500.00,https://www.jaquar.com/en/kubix-prime-floor-mounted-bath-lever?Id=6092,TRUE
2026-06-14,seed-2026-06-14,W023,KUP-BGP-35121KPM,Kubix Prime,Exposed Parts of Floor Mounted Single Lever Bath Mixer - Blush Gold Bright PVD,Blush Gold PVD,66500.00,https://www.jaquar.com/en/kubix-prime-floor-mounted-bath-lever?Id=6092,TRUE
2026-06-21,seed-2026-06-21,W023,KUP-BGP-35121KPM,Kubix Prime,Exposed Parts of Floor Mounted Single Lever Bath Mixer - Blush Gold Bright PVD,Blush Gold PVD,66500.00,https://www.jaquar.com/en/kubix-prime-floor-mounted-bath-lever?Id=6092,TRUE
2026-05-10,seed-2026-05-10,W024,OPP-GBP-15121KPM,Opal Prime,Exposed Parts of Floor Mounted Single Lever Bath Mixer - Gold Bright PVD,Gold Bright PVD,69541.00,https://www.jaquar.com/en/opal-prime-floor-mounted-bath-lever?Id=6102,TRUE
2026-05-17,seed-2026-05-17,W024,OPP-GBP-15121KPM,Opal Prime,Exposed Parts of Floor Mounted Single Lever Bath Mixer - Gold Bright PVD,Gold Bright PVD,69541.00,https://www.jaquar.com/en/opal-prime-floor-mounted-bath-lever?Id=6102,TRUE
2026-05-24,seed-2026-05-24,W024,OPP-GBP-15121KPM,Opal Prime,Exposed Parts of Floor Mounted Single Lever Bath Mixer - Gold Bright PVD,Gold Bright PVD,69541.00,https://www.jaquar.com/en/opal-prime-floor-mounted-bath-lever?Id=6102,TRUE
2026-05-31,seed-2026-05-31,W024,OPP-GBP-15121KPM,Opal Prime,Exposed Parts of Floor Mounted Single Lever Bath Mixer - Gold Bright PVD,Gold Bright PVD,73071.00,https://www.jaquar.com/en/opal-prime-floor-mounted-bath-lever?Id=6102,TRUE
2026-06-07,seed-2026-06-07,W024,OPP-GBP-15121KPM,Opal Prime,Exposed Parts of Floor Mounted Single Lever Bath Mixer - Gold Bright PVD,Gold Bright PVD,73071.00,https://www.jaquar.com/en/opal-prime-floor-mounted-bath-lever?Id=6102,TRUE
2026-06-14,seed-2026-06-14,W024,OPP-GBP-15121KPM,Opal Prime,Exposed Parts of Floor Mounted Single Lever Bath Mixer - Gold Bright PVD,Gold Bright PVD,69541.00,https://www.jaquar.com/en/opal-prime-floor-mounted-bath-lever?Id=6102,TRUE
2026-06-21,seed-2026-06-21,W024,OPP-GBP-15121KPM,Opal Prime,Exposed Parts of Floor Mounted Single Lever Bath Mixer - Gold Bright PVD,Gold Bright PVD,70600.00,https://www.jaquar.com/en/opal-prime-floor-mounted-bath-lever?Id=6102,TRUE
2026-05-10,seed-2026-05-10,W025,OPP-GMP-15121KPM,Opal Prime,Exposed Parts of Floor Mounted Single Lever Bath Mixer - Gold Matt PVD,Gold Matt PVD,70600.00,https://www.jaquar.com/en/opal-prime-floor-mounted-bath-lever?Id=6102,TRUE
2026-05-17,seed-2026-05-17,W025,OPP-GMP-15121KPM,Opal Prime,Exposed Parts of Floor Mounted Single Lever Bath Mixer - Gold Matt PVD,Gold Matt PVD,70600.00,https://www.jaquar.com/en/opal-prime-floor-mounted-bath-lever?Id=6102,TRUE
2026-05-24,seed-2026-05-24,W025,OPP-GMP-15121KPM,Opal Prime,Exposed Parts of Floor Mounted Single Lever Bath Mixer - Gold Matt PVD,Gold Matt PVD,70600.00,https://www.jaquar.com/en/opal-prime-floor-mounted-bath-lever?Id=6102,TRUE
2026-05-31,seed-2026-05-31,W025,OPP-GMP-15121KPM,Opal Prime,Exposed Parts of Floor Mounted Single Lever Bath Mixer - Gold Matt PVD,Gold Matt PVD,70600.00,https://www.jaquar.com/en/opal-prime-floor-mounted-bath-lever?Id=6102,TRUE
2026-06-07,seed-2026-06-07,W025,OPP-GMP-15121KPM,Opal Prime,Exposed Parts of Floor Mounted Single Lever Bath Mixer - Gold Matt PVD,Gold Matt PVD,70600.00,https://www.jaquar.com/en/opal-prime-floor-mounted-bath-lever?Id=6102,TRUE
2026-06-14,seed-2026-06-14,W025,OPP-GMP-15121KPM,Opal Prime,Exposed Parts of Floor Mounted Single Lever Bath Mixer - Gold Matt PVD,Gold Matt PVD,70600.00,https://www.jaquar.com/en/opal-prime-floor-mounted-bath-lever?Id=6102,TRUE
2026-06-21,seed-2026-06-21,W025,OPP-GMP-15121KPM,Opal Prime,Exposed Parts of Floor Mounted Single Lever Bath Mixer - Gold Matt PVD,Gold Matt PVD,70600.00,https://www.jaquar.com/en/opal-prime-floor-mounted-bath-lever?Id=6102,TRUE
2026-05-10,seed-2026-05-10,W026,OPP-ABR-15121KPM,Opal Prime,Exposed Parts of Floor Mounted Single Lever Bath Mixer - Antique Bronze,Antique Bronze,65417.50,https://www.jaquar.com/en/opal-prime-floor-mounted-bath-lever?Id=6102,TRUE
2026-05-17,seed-2026-05-17,W026,OPP-ABR-15121KPM,Opal Prime,Exposed Parts of Floor Mounted Single Lever Bath Mixer - Antique Bronze,Antique Bronze,65417.50,https://www.jaquar.com/en/opal-prime-floor-mounted-bath-lever?Id=6102,TRUE
2026-05-24,seed-2026-05-24,W026,OPP-ABR-15121KPM,Opal Prime,Exposed Parts of Floor Mounted Single Lever Bath Mixer - Antique Bronze,Antique Bronze,65417.50,https://www.jaquar.com/en/opal-prime-floor-mounted-bath-lever?Id=6102,TRUE
2026-05-31,seed-2026-05-31,W026,OPP-ABR-15121KPM,Opal Prime,Exposed Parts of Floor Mounted Single Lever Bath Mixer - Antique Bronze,Antique Bronze,65417.50,https://www.jaquar.com/en/opal-prime-floor-mounted-bath-lever?Id=6102,TRUE
2026-06-07,seed-2026-06-07,W026,OPP-ABR-15121KPM,Opal Prime,Exposed Parts of Floor Mounted Single Lever Bath Mixer - Antique Bronze,Antique Bronze,65417.50,https://www.jaquar.com/en/opal-prime-floor-mounted-bath-lever?Id=6102,TRUE
2026-06-14,seed-2026-06-14,W026,OPP-ABR-15121KPM,Opal Prime,Exposed Parts of Floor Mounted Single Lever Bath Mixer - Antique Bronze,Antique Bronze,65417.50,https://www.jaquar.com/en/opal-prime-floor-mounted-bath-lever?Id=6102,TRUE
2026-06-21,seed-2026-06-21,W026,OPP-ABR-15121KPM,Opal Prime,Exposed Parts of Floor Mounted Single Lever Bath Mixer - Antique Bronze,Antique Bronze,68500.00,https://www.jaquar.com/en/opal-prime-floor-mounted-bath-lever?Id=6102,TRUE
2026-05-10,seed-2026-05-10,W027,OPP-ACR-15121KPM,Opal Prime,Exposed Parts of Floor Mounted Single Lever Bath Mixer - Antique Copper,Antique Copper,68500.00,https://www.jaquar.com/en/opal-prime-floor-mounted-bath-lever?Id=6102,TRUE
2026-05-17,seed-2026-05-17,W027,OPP-ACR-15121KPM,Opal Prime,Exposed Parts of Floor Mounted Single Lever Bath Mixer - Antique Copper,Antique Copper,68500.00,https://www.jaquar.com/en/opal-prime-floor-mounted-bath-lever?Id=6102,TRUE
2026-05-24,seed-2026-05-24,W027,OPP-ACR-15121KPM,Opal Prime,Exposed Parts of Floor Mounted Single Lever Bath Mixer - Antique Copper,Antique Copper,68500.00,https://www.jaquar.com/en/opal-prime-floor-mounted-bath-lever?Id=6102,TRUE
2026-05-31,seed-2026-05-31,W027,OPP-ACR-15121KPM,Opal Prime,Exposed Parts of Floor Mounted Single Lever Bath Mixer - Antique Copper,Antique Copper,64732.50,https://www.jaquar.com/en/opal-prime-floor-mounted-bath-lever?Id=6102,TRUE
2026-06-07,seed-2026-06-07,W027,OPP-ACR-15121KPM,Opal Prime,Exposed Parts of Floor Mounted Single Lever Bath Mixer - Antique Copper,Antique Copper,64732.50,https://www.jaquar.com/en/opal-prime-floor-mounted-bath-lever?Id=6102,TRUE
2026-06-14,seed-2026-06-14,W027,OPP-ACR-15121KPM,Opal Prime,Exposed Parts of Floor Mounted Single Lever Bath Mixer - Antique Copper,Antique Copper,64732.50,https://www.jaquar.com/en/opal-prime-floor-mounted-bath-lever?Id=6102,TRUE
2026-06-21,seed-2026-06-21,W027,OPP-ACR-15121KPM,Opal Prime,Exposed Parts of Floor Mounted Single Lever Bath Mixer - Antique Copper,Antique Copper,68500.00,https://www.jaquar.com/en/opal-prime-floor-mounted-bath-lever?Id=6102,TRUE
2026-05-10,seed-2026-05-10,W028,OPP-GRF-15121KPM,Opal Prime,Exposed Parts of Floor Mounted Single Lever Bath Mixer - Graphite,Graphite,66445.00,https://www.jaquar.com/en/opal-prime-floor-mounted-bath-lever?Id=6102,TRUE
2026-05-17,seed-2026-05-17,W028,OPP-GRF-15121KPM,Opal Prime,Exposed Parts of Floor Mounted Single Lever Bath Mixer - Graphite,Graphite,66445.00,https://www.jaquar.com/en/opal-prime-floor-mounted-bath-lever?Id=6102,TRUE
2026-05-24,seed-2026-05-24,W028,OPP-GRF-15121KPM,Opal Prime,Exposed Parts of Floor Mounted Single Lever Bath Mixer - Graphite,Graphite,69527.50,https://www.jaquar.com/en/opal-prime-floor-mounted-bath-lever?Id=6102,TRUE
2026-05-31,seed-2026-05-31,W028,OPP-GRF-15121KPM,Opal Prime,Exposed Parts of Floor Mounted Single Lever Bath Mixer - Graphite,Graphite,69527.50,https://www.jaquar.com/en/opal-prime-floor-mounted-bath-lever?Id=6102,TRUE
2026-06-07,seed-2026-06-07,W028,OPP-GRF-15121KPM,Opal Prime,Exposed Parts of Floor Mounted Single Lever Bath Mixer - Graphite,Graphite,66102.50,https://www.jaquar.com/en/opal-prime-floor-mounted-bath-lever?Id=6102,TRUE
2026-06-14,seed-2026-06-14,W028,OPP-GRF-15121KPM,Opal Prime,Exposed Parts of Floor Mounted Single Lever Bath Mixer - Graphite,Graphite,66102.50,https://www.jaquar.com/en/opal-prime-floor-mounted-bath-lever?Id=6102,TRUE
2026-06-21,seed-2026-06-21,W028,OPP-GRF-15121KPM,Opal Prime,Exposed Parts of Floor Mounted Single Lever Bath Mixer - Graphite,Graphite,68500.00,https://www.jaquar.com/en/opal-prime-floor-mounted-bath-lever?Id=6102,TRUE
2026-05-10,seed-2026-05-10,W029,OPP-SSF-15121KPM,Opal Prime,Exposed Parts of Floor Mounted Single Lever Bath Mixer - Stainless Steel,Stainless Steel,71240.00,https://www.jaquar.com/en/opal-prime-floor-mounted-bath-lever?Id=6102,TRUE
2026-05-17,seed-2026-05-17,W029,OPP-SSF-15121KPM,Opal Prime,Exposed Parts of Floor Mounted Single Lever Bath Mixer - Stainless Steel,Stainless Steel,71240.00,https://www.jaquar.com/en/opal-prime-floor-mounted-bath-lever?Id=6102,TRUE
2026-05-24,seed-2026-05-24,W029,OPP-SSF-15121KPM,Opal Prime,Exposed Parts of Floor Mounted Single Lever Bath Mixer - Stainless Steel,Stainless Steel,71240.00,https://www.jaquar.com/en/opal-prime-floor-mounted-bath-lever?Id=6102,TRUE
2026-05-31,seed-2026-05-31,W029,OPP-SSF-15121KPM,Opal Prime,Exposed Parts of Floor Mounted Single Lever Bath Mixer - Stainless Steel,Stainless Steel,68500.00,https://www.jaquar.com/en/opal-prime-floor-mounted-bath-lever?Id=6102,TRUE
2026-06-07,seed-2026-06-07,W029,OPP-SSF-15121KPM,Opal Prime,Exposed Parts of Floor Mounted Single Lever Bath Mixer - Stainless Steel,Stainless Steel,68500.00,https://www.jaquar.com/en/opal-prime-floor-mounted-bath-lever?Id=6102,TRUE
2026-06-14,seed-2026-06-14,W029,OPP-SSF-15121KPM,Opal Prime,Exposed Parts of Floor Mounted Single Lever Bath Mixer - Stainless Steel,Stainless Steel,68500.00,https://www.jaquar.com/en/opal-prime-floor-mounted-bath-lever?Id=6102,TRUE
2026-06-21,seed-2026-06-21,W029,OPP-SSF-15121KPM,Opal Prime,Exposed Parts of Floor Mounted Single Lever Bath Mixer - Stainless Steel,Stainless Steel,68500.00,https://www.jaquar.com/en/opal-prime-floor-mounted-bath-lever?Id=6102,TRUE
2026-05-10,seed-2026-05-10,W030,OPP-BGP-15121KPM,Opal Prime,Exposed Parts of Floor Mounted Single Lever Bath Mixer - Blush Gold Bright PVD,Blush Gold PVD,61070.00,https://www.jaquar.com/en/opal-prime-floor-mounted-bath-lever?Id=6102,TRUE
2026-05-17,seed-2026-05-17,W030,OPP-BGP-15121KPM,Opal Prime,Exposed Parts of Floor Mounted Single Lever Bath Mixer - Blush Gold Bright PVD,Blush Gold PVD,61070.00,https://www.jaquar.com/en/opal-prime-floor-mounted-bath-lever?Id=6102,TRUE
2026-05-24,seed-2026-05-24,W030,OPP-BGP-15121KPM,Opal Prime,Exposed Parts of Floor Mounted Single Lever Bath Mixer - Blush Gold Bright PVD,Blush Gold PVD,61070.00,https://www.jaquar.com/en/opal-prime-floor-mounted-bath-lever?Id=6102,TRUE
2026-05-31,seed-2026-05-31,W030,OPP-BGP-15121KPM,Opal Prime,Exposed Parts of Floor Mounted Single Lever Bath Mixer - Blush Gold Bright PVD,Blush Gold PVD,64170.00,https://www.jaquar.com/en/opal-prime-floor-mounted-bath-lever?Id=6102,TRUE
2026-06-07,seed-2026-06-07,W030,OPP-BGP-15121KPM,Opal Prime,Exposed Parts of Floor Mounted Single Lever Bath Mixer - Blush Gold Bright PVD,Blush Gold PVD,64170.00,https://www.jaquar.com/en/opal-prime-floor-mounted-bath-lever?Id=6102,TRUE
2026-06-14,seed-2026-06-14,W030,OPP-BGP-15121KPM,Opal Prime,Exposed Parts of Floor Mounted Single Lever Bath Mixer - Blush Gold Bright PVD,Blush Gold PVD,61070.00,https://www.jaquar.com/en/opal-prime-floor-mounted-bath-lever?Id=6102,TRUE
2026-06-21,seed-2026-06-21,W030,OPP-BGP-15121KPM,Opal Prime,Exposed Parts of Floor Mounted Single Lever Bath Mixer - Blush Gold Bright PVD,Blush Gold PVD,62000.00,https://www.jaquar.com/en/opal-prime-floor-mounted-bath-lever?Id=6102,TRUE
2026-05-10,seed-2026-05-10,W031,FUP-GBP-29121KPM,Fusion Prime,Exposed Parts of Floor Mounted Single Lever Bath Mixer - Gold Bright PVD,Gold Bright PVD,74000.00,https://www.jaquar.com/en/fusion-prime-exposed-parts-of-floor-mounted-single-lever-bath-mixer?Id=11766,TRUE
2026-05-17,seed-2026-05-17,W031,FUP-GBP-29121KPM,Fusion Prime,Exposed Parts of Floor Mounted Single Lever Bath Mixer - Gold Bright PVD,Gold Bright PVD,74000.00,https://www.jaquar.com/en/fusion-prime-exposed-parts-of-floor-mounted-single-lever-bath-mixer?Id=11766,TRUE
2026-05-24,seed-2026-05-24,W031,FUP-GBP-29121KPM,Fusion Prime,Exposed Parts of Floor Mounted Single Lever Bath Mixer - Gold Bright PVD,Gold Bright PVD,74000.00,https://www.jaquar.com/en/fusion-prime-exposed-parts-of-floor-mounted-single-lever-bath-mixer?Id=11766,TRUE
2026-05-31,seed-2026-05-31,W031,FUP-GBP-29121KPM,Fusion Prime,Exposed Parts of Floor Mounted Single Lever Bath Mixer - Gold Bright PVD,Gold Bright PVD,74000.00,https://www.jaquar.com/en/fusion-prime-exposed-parts-of-floor-mounted-single-lever-bath-mixer?Id=11766,TRUE
2026-06-07,seed-2026-06-07,W031,FUP-GBP-29121KPM,Fusion Prime,Exposed Parts of Floor Mounted Single Lever Bath Mixer - Gold Bright PVD,Gold Bright PVD,74000.00,https://www.jaquar.com/en/fusion-prime-exposed-parts-of-floor-mounted-single-lever-bath-mixer?Id=11766,TRUE
2026-06-14,seed-2026-06-14,W031,FUP-GBP-29121KPM,Fusion Prime,Exposed Parts of Floor Mounted Single Lever Bath Mixer - Gold Bright PVD,Gold Bright PVD,74000.00,https://www.jaquar.com/en/fusion-prime-exposed-parts-of-floor-mounted-single-lever-bath-mixer?Id=11766,TRUE
2026-06-21,seed-2026-06-21,W031,FUP-GBP-29121KPM,Fusion Prime,Exposed Parts of Floor Mounted Single Lever Bath Mixer - Gold Bright PVD,Gold Bright PVD,74000.00,https://www.jaquar.com/en/fusion-prime-exposed-parts-of-floor-mounted-single-lever-bath-mixer?Id=11766,TRUE
2026-05-10,seed-2026-05-10,W032,FUP-BGP-29121KPM,Fusion Prime,Exposed Parts of Floor Mounted Single Lever Bath Mixer - Blush Gold Bright PVD,Blush Gold PVD,62075.00,https://www.jaquar.com/en/fusion-prime-exposed-parts-of-floor-mounted-single-lever-bath-mixer?Id=11766,TRUE
2026-05-17,seed-2026-05-17,W032,FUP-BGP-29121KPM,Fusion Prime,Exposed Parts of Floor Mounted Single Lever Bath Mixer - Blush Gold Bright PVD,Blush Gold PVD,62075.00,https://www.jaquar.com/en/fusion-prime-exposed-parts-of-floor-mounted-single-lever-bath-mixer?Id=11766,TRUE
2026-05-24,seed-2026-05-24,W032,FUP-BGP-29121KPM,Fusion Prime,Exposed Parts of Floor Mounted Single Lever Bath Mixer - Blush Gold Bright PVD,Blush Gold PVD,62075.00,https://www.jaquar.com/en/fusion-prime-exposed-parts-of-floor-mounted-single-lever-bath-mixer?Id=11766,TRUE
2026-05-31,seed-2026-05-31,W032,FUP-BGP-29121KPM,Fusion Prime,Exposed Parts of Floor Mounted Single Lever Bath Mixer - Blush Gold Bright PVD,Blush Gold PVD,62075.00,https://www.jaquar.com/en/fusion-prime-exposed-parts-of-floor-mounted-single-lever-bath-mixer?Id=11766,TRUE
2026-06-07,seed-2026-06-07,W032,FUP-BGP-29121KPM,Fusion Prime,Exposed Parts of Floor Mounted Single Lever Bath Mixer - Blush Gold Bright PVD,Blush Gold PVD,62075.00,https://www.jaquar.com/en/fusion-prime-exposed-parts-of-floor-mounted-single-lever-bath-mixer?Id=11766,TRUE
2026-06-14,seed-2026-06-14,W032,FUP-BGP-29121KPM,Fusion Prime,Exposed Parts of Floor Mounted Single Lever Bath Mixer - Blush Gold Bright PVD,Blush Gold PVD,62075.00,https://www.jaquar.com/en/fusion-prime-exposed-parts-of-floor-mounted-single-lever-bath-mixer?Id=11766,TRUE
2026-06-21,seed-2026-06-21,W032,FUP-BGP-29121KPM,Fusion Prime,Exposed Parts of Floor Mounted Single Lever Bath Mixer - Blush Gold Bright PVD,Blush Gold PVD,65000.00,https://www.jaquar.com/en/fusion-prime-exposed-parts-of-floor-mounted-single-lever-bath-mixer?Id=11766,TRUE
2026-05-10,seed-2026-05-10,W033,FUP-BCH-29121KPM,Fusion Prime,Exposed Parts of Floor Mounted Single Lever Bath Mixer - Black Chrome,Black Chrome,62800.00,https://www.jaquar.com/en/fusion-prime-exposed-parts-of-floor-mounted-single-lever-bath-mixer?Id=11766,TRUE
2026-05-17,seed-2026-05-17,W033,FUP-BCH-29121KPM,Fusion Prime,Exposed Parts of Floor Mounted Single Lever Bath Mixer - Black Chrome,Black Chrome,62800.00,https://www.jaquar.com/en/fusion-prime-exposed-parts-of-floor-mounted-single-lever-bath-mixer?Id=11766,TRUE
2026-05-24,seed-2026-05-24,W033,FUP-BCH-29121KPM,Fusion Prime,Exposed Parts of Floor Mounted Single Lever Bath Mixer - Black Chrome,Black Chrome,62800.00,https://www.jaquar.com/en/fusion-prime-exposed-parts-of-floor-mounted-single-lever-bath-mixer?Id=11766,TRUE
2026-05-31,seed-2026-05-31,W033,FUP-BCH-29121KPM,Fusion Prime,Exposed Parts of Floor Mounted Single Lever Bath Mixer - Black Chrome,Black Chrome,59346.00,https://www.jaquar.com/en/fusion-prime-exposed-parts-of-floor-mounted-single-lever-bath-mixer?Id=11766,TRUE
2026-06-07,seed-2026-06-07,W033,FUP-BCH-29121KPM,Fusion Prime,Exposed Parts of Floor Mounted Single Lever Bath Mixer - Black Chrome,Black Chrome,59346.00,https://www.jaquar.com/en/fusion-prime-exposed-parts-of-floor-mounted-single-lever-bath-mixer?Id=11766,TRUE
2026-06-14,seed-2026-06-14,W033,FUP-BCH-29121KPM,Fusion Prime,Exposed Parts of Floor Mounted Single Lever Bath Mixer - Black Chrome,Black Chrome,59346.00,https://www.jaquar.com/en/fusion-prime-exposed-parts-of-floor-mounted-single-lever-bath-mixer?Id=11766,TRUE
2026-06-21,seed-2026-06-21,W033,FUP-BCH-29121KPM,Fusion Prime,Exposed Parts of Floor Mounted Single Lever Bath Mixer - Black Chrome,Black Chrome,62800.00,https://www.jaquar.com/en/fusion-prime-exposed-parts-of-floor-mounted-single-lever-bath-mixer?Id=11766,TRUE
2026-05-10,seed-2026-05-10,W034,FUP-BLM-29121KPM,Fusion Prime,Exposed Parts of Floor Mounted Single Lever Bath Mixer - Black Matt,Black Matt,60916.00,https://www.jaquar.com/en/fusion-prime-exposed-parts-of-floor-mounted-single-lever-bath-mixer?Id=11766,TRUE
2026-05-17,seed-2026-05-17,W034,FUP-BLM-29121KPM,Fusion Prime,Exposed Parts of Floor Mounted Single Lever Bath Mixer - Black Matt,Black Matt,60916.00,https://www.jaquar.com/en/fusion-prime-exposed-parts-of-floor-mounted-single-lever-bath-mixer?Id=11766,TRUE
2026-05-24,seed-2026-05-24,W034,FUP-BLM-29121KPM,Fusion Prime,Exposed Parts of Floor Mounted Single Lever Bath Mixer - Black Matt,Black Matt,63742.00,https://www.jaquar.com/en/fusion-prime-exposed-parts-of-floor-mounted-single-lever-bath-mixer?Id=11766,TRUE
2026-05-31,seed-2026-05-31,W034,FUP-BLM-29121KPM,Fusion Prime,Exposed Parts of Floor Mounted Single Lever Bath Mixer - Black Matt,Black Matt,63742.00,https://www.jaquar.com/en/fusion-prime-exposed-parts-of-floor-mounted-single-lever-bath-mixer?Id=11766,TRUE
2026-06-07,seed-2026-06-07,W034,FUP-BLM-29121KPM,Fusion Prime,Exposed Parts of Floor Mounted Single Lever Bath Mixer - Black Matt,Black Matt,60602.00,https://www.jaquar.com/en/fusion-prime-exposed-parts-of-floor-mounted-single-lever-bath-mixer?Id=11766,TRUE
2026-06-14,seed-2026-06-14,W034,FUP-BLM-29121KPM,Fusion Prime,Exposed Parts of Floor Mounted Single Lever Bath Mixer - Black Matt,Black Matt,60602.00,https://www.jaquar.com/en/fusion-prime-exposed-parts-of-floor-mounted-single-lever-bath-mixer?Id=11766,TRUE
2026-06-21,seed-2026-06-21,W034,FUP-BLM-29121KPM,Fusion Prime,Exposed Parts of Floor Mounted Single Lever Bath Mixer - Black Matt,Black Matt,62800.00,https://www.jaquar.com/en/fusion-prime-exposed-parts-of-floor-mounted-single-lever-bath-mixer?Id=11766,TRUE
2026-05-10,seed-2026-05-10,W035,FUP-CHR-29121KPM,Fusion Prime,Exposed Parts of Floor Mounted Single Lever Bath Mixer - Chrome,Chrome,45240.00,https://www.jaquar.com/en/fusion-prime-exposed-parts-of-floor-mounted-single-lever-bath-mixer?Id=11766,TRUE
2026-05-17,seed-2026-05-17,W035,FUP-CHR-29121KPM,Fusion Prime,Exposed Parts of Floor Mounted Single Lever Bath Mixer - Chrome,Chrome,45240.00,https://www.jaquar.com/en/fusion-prime-exposed-parts-of-floor-mounted-single-lever-bath-mixer?Id=11766,TRUE
2026-05-24,seed-2026-05-24,W035,FUP-CHR-29121KPM,Fusion Prime,Exposed Parts of Floor Mounted Single Lever Bath Mixer - Chrome,Chrome,45240.00,https://www.jaquar.com/en/fusion-prime-exposed-parts-of-floor-mounted-single-lever-bath-mixer?Id=11766,TRUE
2026-05-31,seed-2026-05-31,W035,FUP-CHR-29121KPM,Fusion Prime,Exposed Parts of Floor Mounted Single Lever Bath Mixer - Chrome,Chrome,43500.00,https://www.jaquar.com/en/fusion-prime-exposed-parts-of-floor-mounted-single-lever-bath-mixer?Id=11766,TRUE
2026-06-07,seed-2026-06-07,W035,FUP-CHR-29121KPM,Fusion Prime,Exposed Parts of Floor Mounted Single Lever Bath Mixer - Chrome,Chrome,43500.00,https://www.jaquar.com/en/fusion-prime-exposed-parts-of-floor-mounted-single-lever-bath-mixer?Id=11766,TRUE
2026-06-14,seed-2026-06-14,W035,FUP-CHR-29121KPM,Fusion Prime,Exposed Parts of Floor Mounted Single Lever Bath Mixer - Chrome,Chrome,43500.00,https://www.jaquar.com/en/fusion-prime-exposed-parts-of-floor-mounted-single-lever-bath-mixer?Id=11766,TRUE
2026-06-21,seed-2026-06-21,W035,FUP-CHR-29121KPM,Fusion Prime,Exposed Parts of Floor Mounted Single Lever Bath Mixer - Chrome,Chrome,43500.00,https://www.jaquar.com/en/fusion-prime-exposed-parts-of-floor-mounted-single-lever-bath-mixer?Id=11766,TRUE
2026-05-10,seed-2026-05-10,W036,FUP-GBP-29125PM,Fusion Prime,Single Lever Wall Mixer 3-in-1 System - Gold Bright PVD,Gold Bright PVD,17828.50,https://www.jaquar.com/en/fusion-prime-single-lever-wall-mixer-3-in-1-system?Id=11770,TRUE
2026-05-17,seed-2026-05-17,W036,FUP-GBP-29125PM,Fusion Prime,Single Lever Wall Mixer 3-in-1 System - Gold Bright PVD,Gold Bright PVD,17828.50,https://www.jaquar.com/en/fusion-prime-single-lever-wall-mixer-3-in-1-system?Id=11770,TRUE
2026-05-24,seed-2026-05-24,W036,FUP-GBP-29125PM,Fusion Prime,Single Lever Wall Mixer 3-in-1 System - Gold Bright PVD,Gold Bright PVD,17828.50,https://www.jaquar.com/en/fusion-prime-single-lever-wall-mixer-3-in-1-system?Id=11770,TRUE
2026-05-31,seed-2026-05-31,W036,FUP-GBP-29125PM,Fusion Prime,Single Lever Wall Mixer 3-in-1 System - Gold Bright PVD,Gold Bright PVD,18733.50,https://www.jaquar.com/en/fusion-prime-single-lever-wall-mixer-3-in-1-system?Id=11770,TRUE
2026-06-07,seed-2026-06-07,W036,FUP-GBP-29125PM,Fusion Prime,Single Lever Wall Mixer 3-in-1 System - Gold Bright PVD,Gold Bright PVD,18733.50,https://www.jaquar.com/en/fusion-prime-single-lever-wall-mixer-3-in-1-system?Id=11770,TRUE
2026-06-14,seed-2026-06-14,W036,FUP-GBP-29125PM,Fusion Prime,Single Lever Wall Mixer 3-in-1 System - Gold Bright PVD,Gold Bright PVD,17828.50,https://www.jaquar.com/en/fusion-prime-single-lever-wall-mixer-3-in-1-system?Id=11770,TRUE
2026-06-21,seed-2026-06-21,W036,FUP-GBP-29125PM,Fusion Prime,Single Lever Wall Mixer 3-in-1 System - Gold Bright PVD,Gold Bright PVD,18100.00,https://www.jaquar.com/en/fusion-prime-single-lever-wall-mixer-3-in-1-system?Id=11770,TRUE
2026-05-10,seed-2026-05-10,W037,FUP-GBP-29117PM,Fusion Prime,Single Lever Wall Mixer - Gold Bright PVD,Gold Bright PVD,17200.00,https://www.jaquar.com/en/fusion-prime-single-lever-wall-mixer-29117pm?Id=11758,TRUE
2026-05-17,seed-2026-05-17,W037,FUP-GBP-29117PM,Fusion Prime,Single Lever Wall Mixer - Gold Bright PVD,Gold Bright PVD,17200.00,https://www.jaquar.com/en/fusion-prime-single-lever-wall-mixer-29117pm?Id=11758,TRUE
2026-05-24,seed-2026-05-24,W037,FUP-GBP-29117PM,Fusion Prime,Single Lever Wall Mixer - Gold Bright PVD,Gold Bright PVD,17200.00,https://www.jaquar.com/en/fusion-prime-single-lever-wall-mixer-29117pm?Id=11758,TRUE
2026-05-31,seed-2026-05-31,W037,FUP-GBP-29117PM,Fusion Prime,Single Lever Wall Mixer - Gold Bright PVD,Gold Bright PVD,17200.00,https://www.jaquar.com/en/fusion-prime-single-lever-wall-mixer-29117pm?Id=11758,TRUE
2026-06-07,seed-2026-06-07,W037,FUP-GBP-29117PM,Fusion Prime,Single Lever Wall Mixer - Gold Bright PVD,Gold Bright PVD,17200.00,https://www.jaquar.com/en/fusion-prime-single-lever-wall-mixer-29117pm?Id=11758,TRUE
2026-06-14,seed-2026-06-14,W037,FUP-GBP-29117PM,Fusion Prime,Single Lever Wall Mixer - Gold Bright PVD,Gold Bright PVD,17200.00,https://www.jaquar.com/en/fusion-prime-single-lever-wall-mixer-29117pm?Id=11758,TRUE
2026-06-21,seed-2026-06-21,W037,FUP-GBP-29117PM,Fusion Prime,Single Lever Wall Mixer - Gold Bright PVD,Gold Bright PVD,17200.00,https://www.jaquar.com/en/fusion-prime-single-lever-wall-mixer-29117pm?Id=11758,TRUE
2026-05-10,seed-2026-05-10,W038,ALI-ABR-85121K,Alive,Exposed Parts of Floor Mounted Single Lever Bath Mixer - Antique Bronze,Antique Bronze,68569.00,https://www.jaquar.com/en/exposed-parts-of-floor-mounted-single-lever-bath-mixer-4?Id=5950,TRUE
2026-05-17,seed-2026-05-17,W038,ALI-ABR-85121K,Alive,Exposed Parts of Floor Mounted Single Lever Bath Mixer - Antique Bronze,Antique Bronze,68569.00,https://www.jaquar.com/en/exposed-parts-of-floor-mounted-single-lever-bath-mixer-4?Id=5950,TRUE
2026-05-24,seed-2026-05-24,W038,ALI-ABR-85121K,Alive,Exposed Parts of Floor Mounted Single Lever Bath Mixer - Antique Bronze,Antique Bronze,68569.00,https://www.jaquar.com/en/exposed-parts-of-floor-mounted-single-lever-bath-mixer-4?Id=5950,TRUE
2026-05-31,seed-2026-05-31,W038,ALI-ABR-85121K,Alive,Exposed Parts of Floor Mounted Single Lever Bath Mixer - Antique Bronze,Antique Bronze,68569.00,https://www.jaquar.com/en/exposed-parts-of-floor-mounted-single-lever-bath-mixer-4?Id=5950,TRUE
2026-06-07,seed-2026-06-07,W038,ALI-ABR-85121K,Alive,Exposed Parts of Floor Mounted Single Lever Bath Mixer - Antique Bronze,Antique Bronze,68569.00,https://www.jaquar.com/en/exposed-parts-of-floor-mounted-single-lever-bath-mixer-4?Id=5950,TRUE
2026-06-14,seed-2026-06-14,W038,ALI-ABR-85121K,Alive,Exposed Parts of Floor Mounted Single Lever Bath Mixer - Antique Bronze,Antique Bronze,68569.00,https://www.jaquar.com/en/exposed-parts-of-floor-mounted-single-lever-bath-mixer-4?Id=5950,TRUE
2026-06-21,seed-2026-06-21,W038,ALI-ABR-85121K,Alive,Exposed Parts of Floor Mounted Single Lever Bath Mixer - Antique Bronze,Antique Bronze,71800.00,https://www.jaquar.com/en/exposed-parts-of-floor-mounted-single-lever-bath-mixer-4?Id=5950,TRUE
2026-05-10,seed-2026-05-10,W039,ALI-ACR-85121K,Alive,Exposed Parts of Floor Mounted Single Lever Bath Mixer - Antique Copper,Antique Copper,71800.00,https://www.jaquar.com/en/exposed-parts-of-floor-mounted-single-lever-bath-mixer-4?Id=5950,TRUE
2026-05-17,seed-2026-05-17,W039,ALI-ACR-85121K,Alive,Exposed Parts of Floor Mounted Single Lever Bath Mixer - Antique Copper,Antique Copper,71800.00,https://www.jaquar.com/en/exposed-parts-of-floor-mounted-single-lever-bath-mixer-4?Id=5950,TRUE
2026-05-24,seed-2026-05-24,W039,ALI-ACR-85121K,Alive,Exposed Parts of Floor Mounted Single Lever Bath Mixer - Antique Copper,Antique Copper,71800.00,https://www.jaquar.com/en/exposed-parts-of-floor-mounted-single-lever-bath-mixer-4?Id=5950,TRUE
2026-05-31,seed-2026-05-31,W039,ALI-ACR-85121K,Alive,Exposed Parts of Floor Mounted Single Lever Bath Mixer - Antique Copper,Antique Copper,67851.00,https://www.jaquar.com/en/exposed-parts-of-floor-mounted-single-lever-bath-mixer-4?Id=5950,TRUE
2026-06-07,seed-2026-06-07,W039,ALI-ACR-85121K,Alive,Exposed Parts of Floor Mounted Single Lever Bath Mixer - Antique Copper,Antique Copper,67851.00,https://www.jaquar.com/en/exposed-parts-of-floor-mounted-single-lever-bath-mixer-4?Id=5950,TRUE
2026-06-14,seed-2026-06-14,W039,ALI-ACR-85121K,Alive,Exposed Parts of Floor Mounted Single Lever Bath Mixer - Antique Copper,Antique Copper,67851.00,https://www.jaquar.com/en/exposed-parts-of-floor-mounted-single-lever-bath-mixer-4?Id=5950,TRUE
2026-06-21,seed-2026-06-21,W039,ALI-ACR-85121K,Alive,Exposed Parts of Floor Mounted Single Lever Bath Mixer - Antique Copper,Antique Copper,71800.00,https://www.jaquar.com/en/exposed-parts-of-floor-mounted-single-lever-bath-mixer-4?Id=5950,TRUE
2026-05-10,seed-2026-05-10,W040,ALI-GRF-85121K,Alive,Exposed Parts of Floor Mounted Single Lever Bath Mixer - Graphite,Graphite,69646.00,https://www.jaquar.com/en/exposed-parts-of-floor-mounted-single-lever-bath-mixer-4?Id=5950,TRUE
2026-05-17,seed-2026-05-17,W040,ALI-GRF-85121K,Alive,Exposed Parts of Floor Mounted Single Lever Bath Mixer - Graphite,Graphite,69646.00,https://www.jaquar.com/en/exposed-parts-of-floor-mounted-single-lever-bath-mixer-4?Id=5950,TRUE
2026-05-24,seed-2026-05-24,W040,ALI-GRF-85121K,Alive,Exposed Parts of Floor Mounted Single Lever Bath Mixer - Graphite,Graphite,72877.00,https://www.jaquar.com/en/exposed-parts-of-floor-mounted-single-lever-bath-mixer-4?Id=5950,TRUE
2026-05-31,seed-2026-05-31,W040,ALI-GRF-85121K,Alive,Exposed Parts of Floor Mounted Single Lever Bath Mixer - Graphite,Graphite,72877.00,https://www.jaquar.com/en/exposed-parts-of-floor-mounted-single-lever-bath-mixer-4?Id=5950,TRUE
2026-06-07,seed-2026-06-07,W040,ALI-GRF-85121K,Alive,Exposed Parts of Floor Mounted Single Lever Bath Mixer - Graphite,Graphite,69287.00,https://www.jaquar.com/en/exposed-parts-of-floor-mounted-single-lever-bath-mixer-4?Id=5950,TRUE
2026-06-14,seed-2026-06-14,W040,ALI-GRF-85121K,Alive,Exposed Parts of Floor Mounted Single Lever Bath Mixer - Graphite,Graphite,69287.00,https://www.jaquar.com/en/exposed-parts-of-floor-mounted-single-lever-bath-mixer-4?Id=5950,TRUE
2026-06-21,seed-2026-06-21,W040,ALI-GRF-85121K,Alive,Exposed Parts of Floor Mounted Single Lever Bath Mixer - Graphite,Graphite,71800.00,https://www.jaquar.com/en/exposed-parts-of-floor-mounted-single-lever-bath-mixer-4?Id=5950,TRUE
2026-05-10,seed-2026-05-10,W041,ALI-SSF-85121K,Alive,Exposed Parts of Floor Mounted Single Lever Bath Mixer - Stainless Steel,Stainless Steel,74672.00,https://www.jaquar.com/en/exposed-parts-of-floor-mounted-single-lever-bath-mixer-4?Id=5950,TRUE
2026-05-17,seed-2026-05-17,W041,ALI-SSF-85121K,Alive,Exposed Parts of Floor Mounted Single Lever Bath Mixer - Stainless Steel,Stainless Steel,74672.00,https://www.jaquar.com/en/exposed-parts-of-floor-mounted-single-lever-bath-mixer-4?Id=5950,TRUE
2026-05-24,seed-2026-05-24,W041,ALI-SSF-85121K,Alive,Exposed Parts of Floor Mounted Single Lever Bath Mixer - Stainless Steel,Stainless Steel,74672.00,https://www.jaquar.com/en/exposed-parts-of-floor-mounted-single-lever-bath-mixer-4?Id=5950,TRUE
2026-05-31,seed-2026-05-31,W041,ALI-SSF-85121K,Alive,Exposed Parts of Floor Mounted Single Lever Bath Mixer - Stainless Steel,Stainless Steel,71800.00,https://www.jaquar.com/en/exposed-parts-of-floor-mounted-single-lever-bath-mixer-4?Id=5950,TRUE
2026-06-07,seed-2026-06-07,W041,ALI-SSF-85121K,Alive,Exposed Parts of Floor Mounted Single Lever Bath Mixer - Stainless Steel,Stainless Steel,71800.00,https://www.jaquar.com/en/exposed-parts-of-floor-mounted-single-lever-bath-mixer-4?Id=5950,TRUE
2026-06-14,seed-2026-06-14,W041,ALI-SSF-85121K,Alive,Exposed Parts of Floor Mounted Single Lever Bath Mixer - Stainless Steel,Stainless Steel,71800.00,https://www.jaquar.com/en/exposed-parts-of-floor-mounted-single-lever-bath-mixer-4?Id=5950,TRUE
2026-06-21,seed-2026-06-21,W041,ALI-SSF-85121K,Alive,Exposed Parts of Floor Mounted Single Lever Bath Mixer - Stainless Steel,Stainless Steel,71800.00,https://www.jaquar.com/en/exposed-parts-of-floor-mounted-single-lever-bath-mixer-4?Id=5950,TRUE
2026-05-10,seed-2026-05-10,W042,ALI-BCH-85121K,Alive,Exposed Parts of Floor Mounted Single Lever Bath Mixer - Black Chrome,Black Chrome,61858.00,https://www.jaquar.com/en/exposed-parts-of-floor-mounted-single-lever-bath-mixer-4?Id=5950,TRUE
2026-05-17,seed-2026-05-17,W042,ALI-BCH-85121K,Alive,Exposed Parts of Floor Mounted Single Lever Bath Mixer - Black Chrome,Black Chrome,61858.00,https://www.jaquar.com/en/exposed-parts-of-floor-mounted-single-lever-bath-mixer-4?Id=5950,TRUE
2026-05-24,seed-2026-05-24,W042,ALI-BCH-85121K,Alive,Exposed Parts of Floor Mounted Single Lever Bath Mixer - Black Chrome,Black Chrome,61858.00,https://www.jaquar.com/en/exposed-parts-of-floor-mounted-single-lever-bath-mixer-4?Id=5950,TRUE
2026-05-31,seed-2026-05-31,W042,ALI-BCH-85121K,Alive,Exposed Parts of Floor Mounted Single Lever Bath Mixer - Black Chrome,Black Chrome,64998.00,https://www.jaquar.com/en/exposed-parts-of-floor-mounted-single-lever-bath-mixer-4?Id=5950,TRUE
2026-06-07,seed-2026-06-07,W042,ALI-BCH-85121K,Alive,Exposed Parts of Floor Mounted Single Lever Bath Mixer - Black Chrome,Black Chrome,64998.00,https://www.jaquar.com/en/exposed-parts-of-floor-mounted-single-lever-bath-mixer-4?Id=5950,TRUE
2026-06-14,seed-2026-06-14,W042,ALI-BCH-85121K,Alive,Exposed Parts of Floor Mounted Single Lever Bath Mixer - Black Chrome,Black Chrome,61858.00,https://www.jaquar.com/en/exposed-parts-of-floor-mounted-single-lever-bath-mixer-4?Id=5950,TRUE
2026-06-21,seed-2026-06-21,W042,ALI-BCH-85121K,Alive,Exposed Parts of Floor Mounted Single Lever Bath Mixer - Black Chrome,Black Chrome,62800.00,https://www.jaquar.com/en/exposed-parts-of-floor-mounted-single-lever-bath-mixer-4?Id=5950,TRUE
2026-05-10,seed-2026-05-10,W043,ALI-BLM-85121K,Alive,Exposed Parts of Floor Mounted Single Lever Bath Mixer - Black Matt,Black Matt,62800.00,https://www.jaquar.com/en/exposed-parts-of-floor-mounted-single-lever-bath-mixer-4?Id=5950,TRUE
2026-05-17,seed-2026-05-17,W043,ALI-BLM-85121K,Alive,Exposed Parts of Floor Mounted Single Lever Bath Mixer - Black Matt,Black Matt,62800.00,https://www.jaquar.com/en/exposed-parts-of-floor-mounted-single-lever-bath-mixer-4?Id=5950,TRUE
2026-05-24,seed-2026-05-24,W043,ALI-BLM-85121K,Alive,Exposed Parts of Floor Mounted Single Lever Bath Mixer - Black Matt,Black Matt,62800.00,https://www.jaquar.com/en/exposed-parts-of-floor-mounted-single-lever-bath-mixer-4?Id=5950,TRUE
2026-05-31,seed-2026-05-31,W043,ALI-BLM-85121K,Alive,Exposed Parts of Floor Mounted Single Lever Bath Mixer - Black Matt,Black Matt,62800.00,https://www.jaquar.com/en/exposed-parts-of-floor-mounted-single-lever-bath-mixer-4?Id=5950,TRUE
2026-06-07,seed-2026-06-07,W043,ALI-BLM-85121K,Alive,Exposed Parts of Floor Mounted Single Lever Bath Mixer - Black Matt,Black Matt,62800.00,https://www.jaquar.com/en/exposed-parts-of-floor-mounted-single-lever-bath-mixer-4?Id=5950,TRUE
2026-06-14,seed-2026-06-14,W043,ALI-BLM-85121K,Alive,Exposed Parts of Floor Mounted Single Lever Bath Mixer - Black Matt,Black Matt,62800.00,https://www.jaquar.com/en/exposed-parts-of-floor-mounted-single-lever-bath-mixer-4?Id=5950,TRUE
2026-06-21,seed-2026-06-21,W043,ALI-BLM-85121K,Alive,Exposed Parts of Floor Mounted Single Lever Bath Mixer - Black Matt,Black Matt,62800.00,https://www.jaquar.com/en/exposed-parts-of-floor-mounted-single-lever-bath-mixer-4?Id=5950,TRUE
2026-05-10,seed-2026-05-10,W044,LAG-GBP-91121K,Laguna,Exposed Parts of Floor Mounted Single Lever Bath Mixer - Gold Bright PVD,Gold Bright PVD,108201.50,https://www.jaquar.com/en/exposed-parts-of-floor-mounted-single-lever-bath-mixer-13?Id=10167,TRUE
2026-05-17,seed-2026-05-17,W044,LAG-GBP-91121K,Laguna,Exposed Parts of Floor Mounted Single Lever Bath Mixer - Gold Bright PVD,Gold Bright PVD,108201.50,https://www.jaquar.com/en/exposed-parts-of-floor-mounted-single-lever-bath-mixer-13?Id=10167,TRUE
2026-05-24,seed-2026-05-24,W044,LAG-GBP-91121K,Laguna,Exposed Parts of Floor Mounted Single Lever Bath Mixer - Gold Bright PVD,Gold Bright PVD,108201.50,https://www.jaquar.com/en/exposed-parts-of-floor-mounted-single-lever-bath-mixer-13?Id=10167,TRUE
2026-05-31,seed-2026-05-31,W044,LAG-GBP-91121K,Laguna,Exposed Parts of Floor Mounted Single Lever Bath Mixer - Gold Bright PVD,Gold Bright PVD,108201.50,https://www.jaquar.com/en/exposed-parts-of-floor-mounted-single-lever-bath-mixer-13?Id=10167,TRUE
2026-06-07,seed-2026-06-07,W044,LAG-GBP-91121K,Laguna,Exposed Parts of Floor Mounted Single Lever Bath Mixer - Gold Bright PVD,Gold Bright PVD,108201.50,https://www.jaquar.com/en/exposed-parts-of-floor-mounted-single-lever-bath-mixer-13?Id=10167,TRUE
2026-06-14,seed-2026-06-14,W044,LAG-GBP-91121K,Laguna,Exposed Parts of Floor Mounted Single Lever Bath Mixer - Gold Bright PVD,Gold Bright PVD,108201.50,https://www.jaquar.com/en/exposed-parts-of-floor-mounted-single-lever-bath-mixer-13?Id=10167,TRUE
2026-06-21,seed-2026-06-21,W044,LAG-GBP-91121K,Laguna,Exposed Parts of Floor Mounted Single Lever Bath Mixer - Gold Bright PVD,Gold Bright PVD,113300.00,https://www.jaquar.com/en/exposed-parts-of-floor-mounted-single-lever-bath-mixer-13?Id=10167,TRUE
2026-05-10,seed-2026-05-10,W045,LAG-GMG-91121K,Laguna,Exposed Parts of Floor Mounted Single Lever Bath Mixer - Lever: Gold Bright PVD | Body: Gold Matt PVD,Lever: Gold Bright PVD | Body: Gold Matt PVD,113300.00,https://www.jaquar.com/en/exposed-parts-of-floor-mounted-single-lever-bath-mixer-13?Id=10167,TRUE
2026-05-17,seed-2026-05-17,W045,LAG-GMG-91121K,Laguna,Exposed Parts of Floor Mounted Single Lever Bath Mixer - Lever: Gold Bright PVD | Body: Gold Matt PVD,Lever: Gold Bright PVD | Body: Gold Matt PVD,113300.00,https://www.jaquar.com/en/exposed-parts-of-floor-mounted-single-lever-bath-mixer-13?Id=10167,TRUE
2026-05-24,seed-2026-05-24,W045,LAG-GMG-91121K,Laguna,Exposed Parts of Floor Mounted Single Lever Bath Mixer - Lever: Gold Bright PVD | Body: Gold Matt PVD,Lever: Gold Bright PVD | Body: Gold Matt PVD,113300.00,https://www.jaquar.com/en/exposed-parts-of-floor-mounted-single-lever-bath-mixer-13?Id=10167,TRUE
2026-05-31,seed-2026-05-31,W045,LAG-GMG-91121K,Laguna,Exposed Parts of Floor Mounted Single Lever Bath Mixer - Lever: Gold Bright PVD | Body: Gold Matt PVD,Lever: Gold Bright PVD | Body: Gold Matt PVD,107068.50,https://www.jaquar.com/en/exposed-parts-of-floor-mounted-single-lever-bath-mixer-13?Id=10167,TRUE
2026-06-07,seed-2026-06-07,W045,LAG-GMG-91121K,Laguna,Exposed Parts of Floor Mounted Single Lever Bath Mixer - Lever: Gold Bright PVD | Body: Gold Matt PVD,Lever: Gold Bright PVD | Body: Gold Matt PVD,107068.50,https://www.jaquar.com/en/exposed-parts-of-floor-mounted-single-lever-bath-mixer-13?Id=10167,TRUE
2026-06-14,seed-2026-06-14,W045,LAG-GMG-91121K,Laguna,Exposed Parts of Floor Mounted Single Lever Bath Mixer - Lever: Gold Bright PVD | Body: Gold Matt PVD,Lever: Gold Bright PVD | Body: Gold Matt PVD,107068.50,https://www.jaquar.com/en/exposed-parts-of-floor-mounted-single-lever-bath-mixer-13?Id=10167,TRUE
2026-06-21,seed-2026-06-21,W045,LAG-GMG-91121K,Laguna,Exposed Parts of Floor Mounted Single Lever Bath Mixer - Lever: Gold Bright PVD | Body: Gold Matt PVD,Lever: Gold Bright PVD | Body: Gold Matt PVD,113300.00,https://www.jaquar.com/en/exposed-parts-of-floor-mounted-single-lever-bath-mixer-13?Id=10167,TRUE
2026-05-10,seed-2026-05-10,W046,LAG-GMP-91121K,Laguna,Exposed Parts of Floor Mounted Single Lever Bath Mixer - Gold Matt PVD,Gold Matt PVD,109901.00,https://www.jaquar.com/en/exposed-parts-of-floor-mounted-single-lever-bath-mixer-13?Id=10167,TRUE
2026-05-17,seed-2026-05-17,W046,LAG-GMP-91121K,Laguna,Exposed Parts of Floor Mounted Single Lever Bath Mixer - Gold Matt PVD,Gold Matt PVD,109901.00,https://www.jaquar.com/en/exposed-parts-of-floor-mounted-single-lever-bath-mixer-13?Id=10167,TRUE
2026-05-24,seed-2026-05-24,W046,LAG-GMP-91121K,Laguna,Exposed Parts of Floor Mounted Single Lever Bath Mixer - Gold Matt PVD,Gold Matt PVD,114999.50,https://www.jaquar.com/en/exposed-parts-of-floor-mounted-single-lever-bath-mixer-13?Id=10167,TRUE
2026-05-31,seed-2026-05-31,W046,LAG-GMP-91121K,Laguna,Exposed Parts of Floor Mounted Single Lever Bath Mixer - Gold Matt PVD,Gold Matt PVD,114999.50,https://www.jaquar.com/en/exposed-parts-of-floor-mounted-single-lever-bath-mixer-13?Id=10167,TRUE
2026-06-07,seed-2026-06-07,W046,LAG-GMP-91121K,Laguna,Exposed Parts of Floor Mounted Single Lever Bath Mixer - Gold Matt PVD,Gold Matt PVD,109334.50,https://www.jaquar.com/en/exposed-parts-of-floor-mounted-single-lever-bath-mixer-13?Id=10167,TRUE
2026-06-14,seed-2026-06-14,W046,LAG-GMP-91121K,Laguna,Exposed Parts of Floor Mounted Single Lever Bath Mixer - Gold Matt PVD,Gold Matt PVD,109334.50,https://www.jaquar.com/en/exposed-parts-of-floor-mounted-single-lever-bath-mixer-13?Id=10167,TRUE
2026-06-21,seed-2026-06-21,W046,LAG-GMP-91121K,Laguna,Exposed Parts of Floor Mounted Single Lever Bath Mixer - Gold Matt PVD,Gold Matt PVD,113300.00,https://www.jaquar.com/en/exposed-parts-of-floor-mounted-single-lever-bath-mixer-13?Id=10167,TRUE
2026-05-10,seed-2026-05-10,W047,LAG-GBP-91027,Laguna,Floor Mounted Single Lever Basin Mixer - Gold Bright PVD,Gold Bright PVD,107848.00,https://www.jaquar.com/en/floor-mounted-single-lever-basin-mixer?Id=10162,TRUE
2026-05-17,seed-2026-05-17,W047,LAG-GBP-91027,Laguna,Floor Mounted Single Lever Basin Mixer - Gold Bright PVD,Gold Bright PVD,107848.00,https://www.jaquar.com/en/floor-mounted-single-lever-basin-mixer?Id=10162,TRUE
2026-05-24,seed-2026-05-24,W047,LAG-GBP-91027,Laguna,Floor Mounted Single Lever Basin Mixer - Gold Bright PVD,Gold Bright PVD,107848.00,https://www.jaquar.com/en/floor-mounted-single-lever-basin-mixer?Id=10162,TRUE
2026-05-31,seed-2026-05-31,W047,LAG-GBP-91027,Laguna,Floor Mounted Single Lever Basin Mixer - Gold Bright PVD,Gold Bright PVD,103700.00,https://www.jaquar.com/en/floor-mounted-single-lever-basin-mixer?Id=10162,TRUE
2026-06-07,seed-2026-06-07,W047,LAG-GBP-91027,Laguna,Floor Mounted Single Lever Basin Mixer - Gold Bright PVD,Gold Bright PVD,103700.00,https://www.jaquar.com/en/floor-mounted-single-lever-basin-mixer?Id=10162,TRUE
2026-06-14,seed-2026-06-14,W047,LAG-GBP-91027,Laguna,Floor Mounted Single Lever Basin Mixer - Gold Bright PVD,Gold Bright PVD,103700.00,https://www.jaquar.com/en/floor-mounted-single-lever-basin-mixer?Id=10162,TRUE
2026-06-21,seed-2026-06-21,W047,LAG-GBP-91027,Laguna,Floor Mounted Single Lever Basin Mixer - Gold Bright PVD,Gold Bright PVD,103700.00,https://www.jaquar.com/en/floor-mounted-single-lever-basin-mixer?Id=10162,TRUE
2026-05-10,seed-2026-05-10,W048,KUP-GBP-35121KPM,Floor Standing Mixer,Exposed Parts of Floor Mounted Single Lever Bath Mixer - Gold Bright PVD,Gold Bright PVD,74564.50,https://www.jaquar.com/en/kubix-prime-floor-mounted-bath-lever?Id=6093,TRUE
2026-05-17,seed-2026-05-17,W048,KUP-GBP-35121KPM,Floor Standing Mixer,Exposed Parts of Floor Mounted Single Lever Bath Mixer - Gold Bright PVD,Gold Bright PVD,74564.50,https://www.jaquar.com/en/kubix-prime-floor-mounted-bath-lever?Id=6093,TRUE
2026-05-24,seed-2026-05-24,W048,KUP-GBP-35121KPM,Floor Standing Mixer,Exposed Parts of Floor Mounted Single Lever Bath Mixer - Gold Bright PVD,Gold Bright PVD,74564.50,https://www.jaquar.com/en/kubix-prime-floor-mounted-bath-lever?Id=6093,TRUE
2026-05-31,seed-2026-05-31,W048,KUP-GBP-35121KPM,Floor Standing Mixer,Exposed Parts of Floor Mounted Single Lever Bath Mixer - Gold Bright PVD,Gold Bright PVD,78349.50,https://www.jaquar.com/en/kubix-prime-floor-mounted-bath-lever?Id=6093,TRUE
2026-06-07,seed-2026-06-07,W048,KUP-GBP-35121KPM,Floor Standing Mixer,Exposed Parts of Floor Mounted Single Lever Bath Mixer - Gold Bright PVD,Gold Bright PVD,78349.50,https://www.jaquar.com/en/kubix-prime-floor-mounted-bath-lever?Id=6093,TRUE
2026-06-14,seed-2026-06-14,W048,KUP-GBP-35121KPM,Floor Standing Mixer,Exposed Parts of Floor Mounted Single Lever Bath Mixer - Gold Bright PVD,Gold Bright PVD,74564.50,https://www.jaquar.com/en/kubix-prime-floor-mounted-bath-lever?Id=6093,TRUE
2026-06-21,seed-2026-06-21,W048,KUP-GBP-35121KPM,Floor Standing Mixer,Exposed Parts of Floor Mounted Single Lever Bath Mixer - Gold Bright PVD,Gold Bright PVD,75700.00,https://www.jaquar.com/en/kubix-prime-floor-mounted-bath-lever?Id=6093,TRUE
2026-05-10,seed-2026-05-10,W049,KUP-GMP-35121KPM,Floor Standing Mixer,Exposed Parts of Floor Mounted Single Lever Bath Mixer - Gold Matt PVD,Gold Matt PVD,75700.00,https://www.jaquar.com/en/kubix-prime-floor-mounted-bath-lever?Id=6093,TRUE
2026-05-17,seed-2026-05-17,W049,KUP-GMP-35121KPM,Floor Standing Mixer,Exposed Parts of Floor Mounted Single Lever Bath Mixer - Gold Matt PVD,Gold Matt PVD,75700.00,https://www.jaquar.com/en/kubix-prime-floor-mounted-bath-lever?Id=6093,TRUE
2026-05-24,seed-2026-05-24,W049,KUP-GMP-35121KPM,Floor Standing Mixer,Exposed Parts of Floor Mounted Single Lever Bath Mixer - Gold Matt PVD,Gold Matt PVD,75700.00,https://www.jaquar.com/en/kubix-prime-floor-mounted-bath-lever?Id=6093,TRUE
2026-05-31,seed-2026-05-31,W049,KUP-GMP-35121KPM,Floor Standing Mixer,Exposed Parts of Floor Mounted Single Lever Bath Mixer - Gold Matt PVD,Gold Matt PVD,75700.00,https://www.jaquar.com/en/kubix-prime-floor-mounted-bath-lever?Id=6093,TRUE
2026-06-07,seed-2026-06-07,W049,KUP-GMP-35121KPM,Floor Standing Mixer,Exposed Parts of Floor Mounted Single Lever Bath Mixer - Gold Matt PVD,Gold Matt PVD,75700.00,https://www.jaquar.com/en/kubix-prime-floor-mounted-bath-lever?Id=6093,TRUE
2026-06-14,seed-2026-06-14,W049,KUP-GMP-35121KPM,Floor Standing Mixer,Exposed Parts of Floor Mounted Single Lever Bath Mixer - Gold Matt PVD,Gold Matt PVD,75700.00,https://www.jaquar.com/en/kubix-prime-floor-mounted-bath-lever?Id=6093,TRUE
2026-06-21,seed-2026-06-21,W049,KUP-GMP-35121KPM,Floor Standing Mixer,Exposed Parts of Floor Mounted Single Lever Bath Mixer - Gold Matt PVD,Gold Matt PVD,75700.00,https://www.jaquar.com/en/kubix-prime-floor-mounted-bath-lever?Id=6093,TRUE
2026-05-10,seed-2026-05-10,W050,KUP-GBP-35121KPM,Floor Standing Mixer,Exposed Parts of Floor Mounted Single Lever Bath Mixer - Gold Bright PVD,Gold Bright PVD,72293.50,https://www.jaquar.com/en/kubix-prime-floor-mounted-bath-lever?Id=6094,TRUE
2026-05-17,seed-2026-05-17,W050,KUP-GBP-35121KPM,Floor Standing Mixer,Exposed Parts of Floor Mounted Single Lever Bath Mixer - Gold Bright PVD,Gold Bright PVD,72293.50,https://www.jaquar.com/en/kubix-prime-floor-mounted-bath-lever?Id=6094,TRUE
2026-05-24,seed-2026-05-24,W050,KUP-GBP-35121KPM,Floor Standing Mixer,Exposed Parts of Floor Mounted Single Lever Bath Mixer - Gold Bright PVD,Gold Bright PVD,72293.50,https://www.jaquar.com/en/kubix-prime-floor-mounted-bath-lever?Id=6094,TRUE
2026-05-31,seed-2026-05-31,W050,KUP-GBP-35121KPM,Floor Standing Mixer,Exposed Parts of Floor Mounted Single Lever Bath Mixer - Gold Bright PVD,Gold Bright PVD,72293.50,https://www.jaquar.com/en/kubix-prime-floor-mounted-bath-lever?Id=6094,TRUE
2026-06-07,seed-2026-06-07,W050,KUP-GBP-35121KPM,Floor Standing Mixer,Exposed Parts of Floor Mounted Single Lever Bath Mixer - Gold Bright PVD,Gold Bright PVD,72293.50,https://www.jaquar.com/en/kubix-prime-floor-mounted-bath-lever?Id=6094,TRUE
2026-06-14,seed-2026-06-14,W050,KUP-GBP-35121KPM,Floor Standing Mixer,Exposed Parts of Floor Mounted Single Lever Bath Mixer - Gold Bright PVD,Gold Bright PVD,72293.50,https://www.jaquar.com/en/kubix-prime-floor-mounted-bath-lever?Id=6094,TRUE
2026-06-21,seed-2026-06-21,W050,KUP-GBP-35121KPM,Floor Standing Mixer,Exposed Parts of Floor Mounted Single Lever Bath Mixer - Gold Bright PVD,Gold Bright PVD,75700.00,https://www.jaquar.com/en/kubix-prime-floor-mounted-bath-lever?Id=6094,TRUE
